t_s,replies,call_ms
1.001,0,1001.1
2.002,0,1000.9
3.003,0,1000.9
4.005,0,1001.6
5.005,0,1000.5
6.006,0,1001.4
7.007,0,1000.7
8.008,0,1001.2
9.009,0,1000.6
9.600,0,590.6
9.600,0,0.4
9.600,0,0.2
9.602,0,1.5
9.602,0,0.2
9.602,0,0.2
9.602,0,0.2
9.602,0,0.2
9.603,0,0.2
9.603,0,0.2
9.603,0,0.2
9.603,0,0.2
9.603,0,0.2
9.604,0,0.2
9.604,0,0.2
9.604,0,0.2
9.606,0,1.5
9.606,0,0.2
9.606,0,0.2
9.606,0,0.2
9.607,0,0.2
9.607,0,0.2
9.607,0,0.2
9.607,0,0.2
9.607,0,0.2
9.608,0,0.2
9.608,0,0.2
9.608,0,0.2
9.608,0,0.2
9.608,0,0.3
9.609,0,0.2
9.609,0,0.2
9.609,0,0.2
9.609,0,0.2
9.610,0,0.2
9.610,0,0.2
9.610,0,0.2
9.610,0,0.2
9.610,0,0.2
9.611,0,0.2
9.611,0,0.2
9.611,0,0.2
9.611,0,0.2
9.611,0,0.2
9.613,0,1.0
9.613,0,0.2
9.613,0,0.2
9.613,0,0.2
9.613,0,0.2
9.613,0,0.2
9.614,0,0.2
9.614,0,0.2
9.614,0,0.2
9.614,0,0.2
9.614,0,0.2
9.615,0,0.2
9.615,0,0.2
9.615,0,0.2
9.615,0,0.2
9.615,0,0.2
9.616,0,0.2
9.616,0,0.2
9.616,0,0.2
9.616,0,0.2
9.616,0,0.3
9.617,0,0.2
9.617,0,0.2
9.617,0,0.2
9.617,0,0.3
9.617,0,0.2
9.618,0,0.2
9.618,0,0.2
9.618,0,0.2
9.618,0,0.2
9.618,0,0.2
9.619,0,0.2
9.619,0,0.2
9.619,0,0.2
9.619,0,0.2
9.619,0,0.2
9.620,0,0.2
9.620,0,0.2
9.620,0,0.2
9.620,0,0.2
9.620,0,0.2
9.621,0,0.2
9.621,0,0.2
9.621,0,0.2
9.621,0,0.2
9.621,0,0.2
9.621,0,0.2
9.622,0,0.2
9.622,0,0.2
9.622,0,0.2
9.622,0,0.2
9.622,0,0.2
9.622,0,0.2
9.623,0,0.2
9.623,0,0.2
9.623,0,0.2
9.623,0,0.2
9.623,0,0.2
9.623,0,0.2
9.624,0,0.2
9.624,0,0.2
9.624,0,0.2
9.624,0,0.2
9.624,0,0.2
9.625,0,0.2
9.625,0,0.2
9.625,0,0.2
9.625,0,0.2
9.625,0,0.2
9.625,0,0.2
9.626,0,0.2
9.626,0,0.2
9.626,0,0.2
9.626,0,0.2
9.626,0,0.2
9.626,0,0.2
9.627,0,0.3
9.627,0,0.3
9.627,0,0.2
9.627,0,0.2
9.628,0,0.2
9.628,0,0.2
9.628,0,0.2
9.628,0,0.3
9.629,0,0.3
9.629,0,0.4
9.629,0,0.2
9.630,0,0.3
9.630,0,0.2
9.630,0,0.2
9.630,0,0.2
9.630,0,0.2
9.631,0,0.2
9.631,0,0.2
9.631,0,0.2
9.631,0,0.2
9.631,0,0.2
9.632,0,0.2
9.632,0,0.2
9.632,0,0.2
9.632,0,0.2
9.632,0,0.2
9.632,0,0.2
9.633,0,0.2
9.633,0,0.2
9.633,0,0.2
9.633,0,0.2
9.633,0,0.2
9.634,0,0.2
9.634,0,0.2
9.634,0,0.2
9.634,0,0.2
9.634,0,0.2
9.634,0,0.2
9.635,0,0.2
9.635,0,0.2
9.635,0,0.2
9.635,0,0.2
9.635,0,0.2
9.635,0,0.2
9.636,0,0.2
9.636,0,0.2
9.636,0,0.2
9.636,0,0.2
9.636,0,0.2
9.637,0,0.2
9.637,0,0.2
9.637,0,0.2
9.637,0,0.2
9.637,0,0.2
9.638,0,0.2
9.638,0,0.2
9.638,0,0.2
9.638,0,0.2
9.638,0,0.2
9.639,0,0.2
9.639,0,0.2
9.639,0,0.2
9.639,0,0.2
9.639,0,0.2
9.640,0,0.2
9.640,0,0.2
9.640,0,0.2
9.640,0,0.2
9.640,0,0.3
9.641,0,0.2
9.641,0,0.2
9.641,0,0.2
9.641,0,0.2
9.641,0,0.2
9.642,0,0.2
9.642,0,0.2
9.642,0,0.2
9.642,0,0.2
9.642,0,0.2
9.643,0,0.2
9.643,0,0.2
9.643,0,0.2
9.643,0,0.2
9.643,0,0.2
9.643,0,0.2
9.644,0,0.2
9.644,0,0.2
9.644,0,0.2
9.644,0,0.2
9.645,0,0.4
9.645,0,0.2
9.645,0,0.2
9.645,0,0.2
9.645,0,0.2
9.645,0,0.2
9.646,0,0.2
9.646,0,0.2
9.646,0,0.2
9.646,0,0.2
9.646,0,0.2
9.646,0,0.2
9.647,0,0.2
9.647,0,0.2
9.647,0,0.2
9.647,0,0.2
9.647,0,0.2
9.647,0,0.2
9.648,0,0.2
9.648,0,0.2
9.648,0,0.2
9.648,0,0.2
9.648,0,0.2
9.650,0,2.1
9.651,0,0.2
9.651,0,0.2
9.651,0,0.2
9.651,0,0.2
9.651,0,0.2
9.651,0,0.2
9.652,0,0.2
9.652,0,0.2
9.652,0,0.2
9.652,0,0.2
9.652,0,0.2
9.653,0,0.3
9.653,0,0.2
9.653,0,0.2
9.653,0,0.2
9.654,0,0.2
9.654,0,0.2
9.654,0,0.2
9.654,0,0.2
9.654,0,0.2
9.655,0,0.2
9.655,0,0.2
9.655,0,0.2
9.655,0,0.2
9.655,0,0.2
9.656,0,0.2
9.656,0,0.2
9.656,0,0.2
9.656,0,0.2
9.656,0,0.2
9.657,0,0.2
9.657,0,0.2
9.657,0,0.2
9.657,0,0.2
9.657,0,0.2
9.658,0,0.2
9.658,0,0.2
9.658,0,0.2
9.658,0,0.2
9.658,0,0.2
9.658,0,0.2
9.659,0,0.2
9.659,0,0.2
9.659,0,0.2
9.659,0,0.2
9.659,0,0.2
9.660,0,0.2
9.660,0,0.2
9.660,0,0.2
9.660,0,0.2
9.661,0,0.6
9.661,0,0.2
9.661,0,0.2
9.661,0,0.2
9.662,0,0.2
9.662,0,0.2
9.662,0,0.2
9.662,0,0.2
9.662,0,0.2
9.662,0,0.2
9.663,0,0.2
9.663,0,0.2
9.663,0,0.2
9.663,0,0.2
9.663,0,0.2
9.663,0,0.2
9.664,0,0.2
9.664,0,0.2
9.664,0,0.2
9.664,0,0.2
9.664,0,0.2
9.665,0,0.2
9.665,0,0.2
9.665,0,0.2
9.665,0,0.2
9.665,0,0.2
9.666,0,0.2
9.666,0,0.2
9.666,0,0.2
9.666,0,0.2
9.666,0,0.2
9.667,0,0.2
9.667,0,0.2
9.667,0,0.2
9.667,0,0.2
9.667,0,0.2
9.668,0,0.2
9.668,0,0.2
9.668,0,0.2
9.668,0,0.2
9.668,0,0.2
9.669,0,0.2
9.669,0,0.2
9.669,0,0.2
9.669,0,0.2
9.669,0,0.2
9.670,0,0.2
9.670,0,0.2
9.670,0,0.2
9.670,0,0.2
9.670,0,0.2
9.670,0,0.2
9.671,0,0.2
9.671,0,0.2
9.671,0,0.2
9.671,0,0.4
9.672,0,0.2
9.672,0,0.6
9.672,0,0.3
9.673,0,0.2
9.673,0,0.2
9.673,0,0.2
9.673,0,0.2
9.673,0,0.2
9.673,0,0.2
9.674,0,0.2
9.674,0,0.2
9.674,0,0.2
9.674,0,0.2
9.674,0,0.2
9.675,0,0.2
9.675,0,0.2
9.675,0,0.2
9.675,0,0.2
9.675,0,0.2
9.675,0,0.2
9.676,0,0.2
9.676,0,0.2
9.676,0,0.2
9.676,0,0.2
9.676,0,0.2
9.677,0,0.2
9.677,0,0.2
9.677,0,0.2
9.677,0,0.2
9.677,0,0.2
9.678,0,0.2
9.678,0,0.2
9.678,0,0.2
9.678,0,0.2
9.678,0,0.3
9.679,0,0.2
9.679,0,0.2
9.679,0,0.2
9.679,0,0.2
9.679,0,0.2
9.679,0,0.2
9.680,0,0.2
9.680,0,0.2
9.680,0,0.2
9.680,0,0.2
9.680,0,0.2
9.680,0,0.2
9.681,0,0.2
9.681,0,0.3
9.681,0,0.2
9.681,0,0.2
9.682,0,0.2
9.682,0,0.2
9.682,0,0.2
9.682,0,0.2
9.682,0,0.2
9.683,0,0.2
9.683,0,0.2
9.683,0,0.2
9.683,0,0.2
9.683,0,0.2
9.683,0,0.2
9.684,0,0.2
9.684,0,0.2
9.684,0,0.2
9.684,0,0.2
9.684,0,0.2
9.685,0,0.2
9.685,0,0.2
9.685,0,0.2
9.685,0,0.2
9.685,0,0.2
9.685,0,0.2
9.686,0,0.2
9.686,0,0.2
9.686,0,0.2
9.686,0,0.2
9.686,0,0.2
9.687,0,0.2
9.687,0,0.2
9.687,0,0.2
9.687,0,0.2
9.687,0,0.2
9.687,0,0.2
9.688,0,0.2
9.688,0,0.2
9.688,0,0.2
9.688,0,0.2
9.688,0,0.2
9.689,0,0.2
9.689,0,0.2
9.689,0,0.2
9.689,0,0.2
9.689,0,0.2
9.689,0,0.2
9.690,0,0.2
9.690,0,0.2
9.690,0,0.2
9.690,0,0.2
9.690,0,0.2
9.691,0,0.2
9.691,0,0.2
9.691,0,0.2
9.691,0,0.2
9.691,0,0.2
9.691,0,0.2
9.692,0,0.2
9.692,0,0.2
9.692,0,0.2
9.692,0,0.2
9.692,0,0.2
9.693,0,0.2
9.693,0,0.2
9.693,0,0.2
9.693,0,0.2
9.693,0,0.2
9.693,0,0.2
9.694,0,0.2
9.694,0,0.2
9.694,0,0.2
9.694,0,0.2
9.694,0,0.2
9.694,0,0.2
9.695,0,0.2
9.695,0,0.2
9.695,0,0.2
9.695,0,0.2
9.695,0,0.2
9.696,0,0.2
9.696,0,0.2
9.696,0,0.2
9.696,0,0.2
9.696,0,0.2
9.697,0,0.2
9.697,0,0.2
9.697,0,0.2
9.697,0,0.2
9.697,0,0.2
9.698,0,0.2
9.698,0,0.2
9.698,0,0.2
9.698,0,0.2
9.698,0,0.2
9.699,0,0.2
9.699,0,0.2
9.699,0,0.2
9.699,0,0.2
9.699,0,0.2
9.700,0,0.2
9.700,0,0.2
9.700,0,0.2
9.700,0,0.2
9.700,0,0.2
9.701,0,0.2
9.701,0,0.2
9.701,0,0.2
9.701,0,0.2
9.701,0,0.2
9.702,0,0.2
9.702,0,0.2
9.702,0,0.2
9.702,0,0.3
9.703,0,0.2
9.703,0,0.2
9.703,0,0.2
9.703,0,0.2
9.703,0,0.2
9.704,0,0.2
9.704,0,0.2
9.704,0,0.2
9.704,0,0.2
9.704,0,0.2
9.705,0,0.2
9.705,0,0.2
9.705,0,0.2
9.705,0,0.2
9.705,0,0.2
9.706,0,0.2
9.706,0,0.2
9.706,0,0.2
9.706,0,0.2
9.706,0,0.2
9.707,0,0.2
9.707,0,0.2
9.707,0,0.2
9.707,0,0.2
9.707,0,0.2
9.708,0,0.3
9.708,0,0.2
9.708,0,0.2
9.708,0,0.3
9.709,0,0.2
9.709,0,0.2
9.709,0,0.2
9.709,0,0.2
9.709,0,0.2
9.710,0,0.2
9.710,0,0.2
9.710,0,0.2
9.710,0,0.2
9.710,0,0.2
9.711,0,0.2
9.711,0,0.2
9.711,0,0.2
9.711,0,0.2
9.711,0,0.2
9.712,0,0.3
9.712,0,0.2
9.712,0,0.3
9.714,0,1.6
9.714,0,0.3
9.716,0,1.3
9.718,0,2.9
9.719,0,0.3
9.719,0,0.2
9.719,0,0.2
9.719,0,0.2
9.720,0,0.2
9.720,0,0.2
9.720,0,0.2
9.720,0,0.2
9.720,0,0.3
9.721,0,0.2
9.721,0,0.2
9.721,0,0.2
9.721,0,0.2
9.721,0,0.2
9.722,0,0.2
9.722,0,0.2
9.722,0,0.2
9.722,0,0.2
9.722,0,0.2
9.722,0,0.2
9.723,0,0.2
9.723,0,0.2
9.723,0,0.2
9.723,0,0.2
9.723,0,0.2
9.723,0,0.2
9.724,0,0.2
9.724,0,0.2
9.724,0,0.2
9.724,0,0.2
9.724,0,0.3
9.725,0,0.2
9.725,0,0.2
9.725,0,0.2
9.725,0,0.2
9.725,0,0.2
9.726,0,0.2
9.726,0,0.2
9.726,0,0.2
9.726,0,0.2
9.728,0,1.4
9.728,0,0.2
9.728,0,0.2
9.728,0,0.2
9.729,0,0.3
9.729,0,0.2
9.729,0,0.2
9.729,0,0.2
9.729,0,0.2
9.729,0,0.2
9.730,0,0.2
9.730,0,0.2
9.730,0,0.2
9.730,0,0.2
9.731,0,0.2
9.731,0,0.2
9.731,0,0.2
9.731,0,0.2
9.731,0,0.2
9.732,0,0.2
9.732,0,0.2
9.732,0,0.2
9.732,0,0.2
9.732,0,0.2
9.733,0,0.2
9.733,0,0.2
9.733,0,0.2
9.733,0,0.2
9.733,0,0.2
9.733,0,0.2
9.734,0,0.2
9.734,0,0.2
9.734,0,0.2
9.734,0,0.2
9.734,0,0.2
9.734,0,0.2
9.735,0,1.0
9.736,0,0.2
9.736,0,0.2
9.736,0,0.2
9.736,0,0.2
9.736,0,0.2
9.737,0,0.2
9.737,0,0.2
9.737,0,0.2
9.737,0,0.5
9.738,0,0.2
9.738,0,0.2
9.738,0,0.2
9.738,0,0.2
9.738,0,0.2
9.740,0,1.2
9.740,0,0.2
9.740,0,0.2
9.740,0,0.2
9.740,0,0.3
9.741,0,0.8
9.741,0,0.2
9.742,0,0.2
9.742,0,0.3
9.742,0,0.2
9.742,0,0.2
9.742,0,0.2
9.743,0,0.2
9.743,0,0.2
9.743,0,0.2
9.743,0,0.2
9.743,0,0.2
9.744,0,0.2
9.744,0,0.2
9.744,0,0.2
9.744,0,0.2
9.745,0,0.4
9.745,0,0.2
9.745,0,0.2
9.745,0,0.2
9.745,0,0.2
9.746,0,0.2
9.746,0,0.2
9.746,0,0.2
9.746,0,0.2
9.746,0,0.2
9.747,0,0.2
9.747,0,0.2
9.747,0,0.2
9.747,0,0.2
9.747,0,0.2
9.748,0,0.2
9.748,0,0.2
9.748,0,0.2
9.748,0,0.3
9.749,0,0.2
9.749,0,0.2
9.749,0,0.2
9.749,0,0.2
9.749,0,0.2
9.750,0,0.2
9.750,0,0.2
9.750,0,0.2
9.750,0,0.2
9.750,0,0.2
9.751,0,0.2
9.751,0,0.2
9.751,0,0.2
9.751,0,0.2
9.751,0,0.2
9.752,0,0.2
9.752,0,0.2
9.752,0,0.2
9.752,0,0.2
9.753,0,0.2
9.753,0,0.2
9.753,0,0.2
9.753,0,0.2
9.753,0,0.2
9.754,0,0.2
9.754,0,0.2
9.754,0,0.2
9.754,0,0.2
9.754,0,0.2
9.754,0,0.2
9.755,0,0.2
9.755,0,0.2
9.755,0,0.2
9.755,0,0.2
9.755,0,0.2
9.756,0,0.2
9.756,0,0.2
9.756,0,0.2
9.756,0,0.3
9.756,0,0.2
9.757,0,0.2
9.757,0,0.2
9.757,0,0.2
9.757,0,0.2
9.757,0,0.2
9.758,0,0.2
9.758,0,0.2
9.758,0,0.2
9.758,0,0.2
9.758,0,0.2
9.759,0,0.2
9.759,0,0.2
9.759,0,0.2
9.759,0,0.2
9.759,0,0.2
9.760,0,0.2
9.760,0,0.2
9.760,0,0.2
9.760,0,0.2
9.760,0,0.2
9.761,0,0.2
9.761,0,0.2
9.761,0,0.2
9.761,0,0.2
9.761,0,0.2
9.762,0,0.2
9.762,0,0.2
9.762,0,0.2
9.762,0,0.2
9.762,0,0.2
9.763,0,0.2
9.763,0,0.2
9.763,0,0.2
9.763,0,0.2
9.763,0,0.2
9.763,0,0.2
9.764,0,0.2
9.764,0,0.2
9.764,0,0.2
9.764,0,0.2
9.764,0,0.2
9.765,0,0.2
9.765,0,0.2
9.765,0,0.2
9.765,0,0.2
9.765,0,0.2
9.766,0,0.2
9.766,0,0.2
9.766,0,0.2
9.766,0,0.2
9.768,0,1.4
9.768,0,0.2
9.768,0,0.2
9.768,0,0.2
9.768,0,0.2
9.769,0,0.2
9.769,0,0.2
9.769,0,0.2
9.769,0,0.2
9.770,0,0.2
9.770,0,0.2
9.770,0,0.2
9.770,0,0.2
9.770,0,0.2
9.770,0,0.2
9.771,0,0.2
9.771,0,0.2
9.771,0,0.2
9.771,0,0.2
9.771,0,0.2
9.772,0,0.2
9.772,0,0.2
9.772,0,0.2
9.772,0,0.4
9.773,0,0.2
9.773,0,0.2
9.773,0,0.2
9.773,0,0.2
9.773,0,0.2
9.774,0,0.2
9.774,0,0.2
9.774,0,0.2
9.774,0,0.2
9.774,0,0.2
9.775,0,0.2
9.775,0,0.2
9.775,0,0.2
9.775,0,0.2
9.775,0,0.2
9.776,0,0.2
9.776,0,0.2
9.776,0,0.2
9.776,0,0.2
9.776,0,0.2
9.777,0,0.2
9.777,0,0.2
9.777,0,0.2
9.777,0,0.2
9.777,0,0.2
9.777,0,0.2
9.778,0,0.2
9.778,0,0.2
9.778,0,0.2
9.778,0,0.2
9.778,0,0.2
9.779,0,0.2
9.779,0,0.2
9.779,0,0.2
9.779,0,0.2
9.779,0,0.2
9.779,0,0.2
9.780,0,0.2
9.780,0,0.2
9.780,0,0.2
9.780,0,0.2
9.781,0,0.4
9.781,0,0.2
9.781,0,0.2
9.781,0,0.2
9.781,0,0.2
9.782,0,0.2
9.782,0,0.2
9.782,0,0.2
9.782,0,0.2
9.782,0,0.2
9.783,0,0.2
9.783,0,0.2
9.783,0,0.2
9.783,0,0.2
9.783,0,0.2
9.783,0,0.2
9.784,0,0.2
9.784,0,0.2
9.784,0,0.2
9.784,0,0.2
9.784,0,0.2
9.785,0,0.2
9.785,0,0.2
9.785,0,0.2
9.785,0,0.2
9.785,0,0.2
9.786,0,0.2
9.786,0,0.2
9.786,0,0.2
9.786,0,0.2
9.786,0,0.2
9.787,0,0.2
9.787,0,0.2
9.787,0,0.2
9.787,0,0.2
9.787,0,0.2
9.788,0,0.2
9.788,0,0.2
9.788,0,0.2
9.788,0,0.2
9.788,0,0.3
9.789,0,0.3
9.789,0,0.3
9.789,0,0.2
9.789,0,0.2
9.790,0,0.2
9.790,0,0.2
9.790,0,0.2
9.790,0,0.2
9.790,0,0.2
9.791,0,0.2
9.791,0,0.2
9.791,0,0.2
9.791,0,0.2
9.791,0,0.2
9.792,0,0.2
9.792,0,0.2
9.792,0,0.2
9.792,0,0.3
9.793,0,0.2
9.793,0,0.2
9.793,0,0.2
9.793,0,0.2
9.793,0,0.2
9.794,0,0.2
9.794,0,0.2
9.794,0,0.2
9.794,0,0.2
9.794,0,0.2
9.795,0,0.2
9.795,0,0.2
9.795,0,0.2
9.795,0,0.2
9.795,0,0.2
9.795,0,0.2
9.796,0,0.2
9.796,0,0.2
9.796,0,0.2
9.797,0,1.3
9.798,0,0.2
9.798,0,0.2
9.798,0,0.2
9.798,0,0.2
9.798,0,0.2
9.798,0,0.2
9.799,0,0.2
9.799,0,0.2
9.799,0,0.2
9.799,0,0.2
9.799,0,0.2
9.800,0,0.2
9.800,0,0.2
9.800,0,0.2
9.800,0,0.2
9.800,0,0.2
9.800,0,0.2
9.801,0,0.2
9.801,0,0.2
9.801,0,0.2
9.801,0,0.2
9.801,0,0.2
9.802,0,0.2
9.802,0,0.2
9.802,0,0.2
9.802,0,0.2
9.802,0,0.2
9.802,0,0.2
9.803,0,0.2
9.803,0,0.2
9.803,0,0.2
9.803,0,0.2
9.803,0,0.2
9.803,0,0.2
9.804,0,0.2
9.804,0,0.2
9.804,0,0.2
9.804,0,0.2
9.804,0,0.2
9.805,0,0.3
9.805,0,0.2
9.805,0,0.2
9.805,0,0.2
9.805,0,0.2
9.806,0,0.2
9.806,0,0.2
9.806,0,0.2
9.806,0,0.2
9.806,0,0.2
9.806,0,0.2
9.807,0,0.2
9.807,0,0.2
9.807,0,0.2
9.807,0,0.2
9.807,0,0.2
9.807,0,0.2
9.808,0,0.2
9.808,0,0.2
9.808,0,0.2
9.808,0,0.3
9.809,0,0.2
9.809,0,0.2
9.809,0,0.2
9.809,0,0.2
9.809,0,0.2
9.809,0,0.2
9.810,0,0.2
9.810,0,0.2
9.810,0,0.2
9.810,0,0.2
9.810,0,0.2
9.811,0,0.2
9.811,0,0.2
9.811,0,0.2
9.811,0,0.2
9.811,0,0.2
9.812,0,0.2
9.812,0,0.2
9.812,0,0.2
9.812,0,0.3
9.813,0,0.2
9.813,0,0.3
9.813,0,0.3
9.813,0,0.2
9.814,0,0.2
9.814,0,0.2
9.814,0,0.2
9.814,0,0.2
9.814,0,0.2
9.814,0,0.2
9.815,0,0.2
9.815,0,0.2
9.815,0,0.2
9.815,0,0.2
9.815,0,0.2
9.816,0,0.2
9.816,0,0.2
9.816,0,0.2
9.816,0,0.2
9.816,0,0.2
9.817,0,0.2
9.817,0,0.2
9.817,0,0.2
9.817,0,0.1
9.817,0,0.1
9.817,0,0.2
9.818,0,0.1
9.818,0,0.2
9.818,0,0.2
9.818,0,0.1
9.818,0,0.1
9.818,0,0.1
9.818,0,0.1
9.819,0,0.1
9.819,0,0.1
9.819,0,0.1
9.819,0,0.1
9.819,0,0.1
9.819,0,0.1
9.819,0,0.1
9.820,0,0.1
9.820,0,0.1
9.820,0,0.1
9.820,0,0.1
9.820,0,0.1
9.820,0,0.2
9.821,0,0.1
9.821,0,0.2
9.821,0,0.1
9.821,0,0.1
9.821,0,0.1
9.821,0,0.1
9.821,0,0.1
9.822,0,0.1
9.822,0,0.1
9.822,0,0.1
9.822,0,0.1
9.822,0,0.1
9.822,0,0.1
9.822,0,0.1
9.823,0,0.1
9.823,0,0.1
9.823,0,0.1
9.823,0,0.1
9.823,0,0.1
9.823,0,0.2
9.823,0,0.2
9.824,0,0.1
9.824,0,0.1
9.824,0,0.1
9.824,0,0.1
9.824,0,0.1
9.825,0,0.4
9.825,0,0.2
9.825,0,0.2
9.825,0,0.2
9.825,0,0.2
9.826,0,0.2
9.826,0,0.2
9.826,0,0.2
9.826,0,0.2
9.826,0,0.2
9.827,0,0.2
9.827,0,0.2
9.827,0,0.2
9.827,0,0.2
9.827,0,0.2
9.827,0,0.2
9.828,0,0.2
9.828,0,0.2
9.828,0,0.2
9.828,0,0.2
9.828,0,0.2
9.829,0,0.2
9.829,0,0.2
9.829,0,0.2
9.829,0,0.2
9.829,0,0.2
9.830,0,0.2
9.830,0,0.2
9.830,0,0.2
9.830,0,0.2
9.830,0,0.2
9.830,0,0.2
9.831,0,0.2
9.831,0,0.2
9.831,0,0.2
9.831,0,0.2
9.831,0,0.2
9.832,0,0.2
9.832,0,0.2
9.832,0,0.2
9.832,0,0.2
9.832,0,0.3
9.833,0,0.2
9.833,0,0.2
9.833,0,0.2
9.833,0,0.2
9.833,0,0.2
9.834,0,0.2
9.834,0,0.2
9.834,0,0.2
9.834,0,0.2
9.834,0,0.2
9.835,0,0.2
9.835,0,0.2
9.835,0,0.2
9.835,0,0.2
9.835,0,0.2
9.836,0,0.2
9.836,0,0.2
9.836,0,0.2
9.836,0,0.2
9.836,0,0.2
9.837,0,0.2
9.837,0,0.2
9.837,0,0.2
9.837,0,0.2
9.838,0,0.2
9.838,0,0.2
9.838,0,0.2
9.838,0,0.2
9.838,0,0.2
9.839,0,0.2
9.839,0,0.2
9.839,0,0.2
9.839,0,0.2
9.839,0,0.2
9.840,0,0.2
9.840,0,0.2
9.840,0,0.2
9.840,0,0.3
9.840,0,0.2
9.841,0,0.2
9.841,0,0.2
9.841,0,0.2
9.842,0,1.4
9.843,0,0.2
9.843,0,0.2
9.843,0,0.2
9.843,0,0.2
9.844,0,0.2
9.844,0,0.2
9.844,0,0.2
9.844,0,0.2
9.844,0,0.2
9.844,0,0.2
9.845,0,0.2
9.845,0,0.2
9.845,0,0.2
9.845,0,0.3
9.846,0,0.3
9.846,0,0.2
9.846,0,0.2
9.846,0,0.2
9.847,0,0.2
9.847,0,0.2
9.847,0,0.2
9.847,0,0.2
9.847,0,0.3
9.848,0,0.2
9.848,0,0.2
9.848,0,0.2
9.848,0,0.3
9.849,0,0.2
9.849,0,0.2
9.849,0,0.2
9.849,0,0.2
9.849,0,0.2
9.850,0,0.2
9.850,0,0.2
9.850,0,0.2
9.850,0,0.2
9.850,0,0.2
9.851,0,0.2
9.851,0,0.2
9.851,0,0.2
9.851,0,0.2
9.851,0,0.2
9.852,0,0.2
9.852,0,0.2
9.852,0,0.2
9.852,0,0.2
9.852,0,0.3
9.853,0,0.2
9.853,0,0.2
9.853,0,0.2
9.853,0,0.2
9.853,0,0.2
9.854,0,0.2
9.854,0,0.2
9.854,0,0.3
9.854,0,0.3
9.855,0,0.2
9.855,0,0.2
9.855,0,0.2
9.855,0,0.2
9.855,0,0.2
9.855,0,0.2
9.856,0,0.2
9.856,0,0.2
9.856,0,0.2
9.856,0,0.2
9.856,0,0.2
9.856,0,0.2
9.857,0,0.2
9.857,0,0.2
9.858,0,1.4
9.858,0,0.2
9.859,0,0.2
9.859,0,0.2
9.859,0,0.2
9.859,0,0.2
9.859,0,0.2
9.859,0,0.2
9.860,0,0.2
9.860,0,0.2
9.860,0,0.2
9.860,0,0.2
9.860,0,0.2
9.860,0,0.2
9.861,0,0.2
9.861,0,0.2
9.861,0,0.2
9.861,0,0.2
9.861,0,0.2
9.862,0,0.2
9.862,0,0.2
9.862,0,0.2
9.862,0,0.2
9.862,0,0.2
9.863,0,0.2
9.863,0,0.2
9.863,0,0.2
9.863,0,0.2
9.863,0,0.2
9.864,0,0.2
9.864,0,0.2
9.864,0,0.2
9.864,0,0.2
9.864,0,0.3
9.865,0,0.2
9.865,0,0.2
9.865,0,0.2
9.865,0,0.2
9.865,0,0.2
9.866,0,0.2
9.866,0,0.2
9.866,0,0.2
9.866,0,0.2
9.866,0,0.2
9.867,0,0.4
9.867,0,0.8
9.868,0,0.2
9.868,0,0.2
9.868,0,0.2
9.868,0,0.2
9.868,0,0.2
9.869,0,0.2
9.869,0,0.2
9.869,0,0.2
9.869,0,0.2
9.869,0,0.2
9.870,0,0.2
9.870,0,0.2
9.870,0,0.2
9.870,0,0.2
9.870,0,0.2
9.870,0,0.2
9.871,0,0.2
9.871,0,0.2
9.871,0,0.2
9.871,0,0.2
9.871,0,0.2
9.872,0,1.2
9.873,0,0.2
9.874,0,0.8
9.874,0,0.2
9.874,0,0.2
9.874,0,0.2
9.876,0,1.4
9.877,0,1.6
9.877,0,0.2
9.879,0,1.6
9.880,0,1.0
9.882,0,1.6
9.882,0,0.9
9.883,0,0.3
9.883,0,0.6
9.885,0,1.5
9.886,0,1.4
9.887,0,1.1
9.888,0,0.3
9.889,0,0.9
9.890,0,1.4
9.894,0,4.0
9.894,0,0.3
9.897,0,3.0
9.900,0,2.3
9.901,0,1.0
9.904,0,3.8
9.905,0,0.3
9.907,0,2.1
9.908,0,1.5
9.910,0,1.4
9.911,0,1.4
9.911,0,0.2
9.912,0,0.2
9.912,0,0.2
9.912,0,0.2
9.912,0,0.2
9.912,0,0.3
9.913,0,0.2
9.913,0,0.2
9.913,0,0.2
9.913,0,0.2
9.913,0,0.2
9.914,0,0.2
9.914,0,0.2
9.914,0,0.2
9.914,0,0.2
9.914,0,0.2
9.914,0,0.2
9.915,0,0.2
9.915,0,0.2
9.915,0,0.2
9.915,0,0.2
9.915,0,0.2
9.916,0,0.2
9.916,0,0.2
9.916,0,0.2
9.916,0,0.2
9.916,0,0.2
9.917,0,0.2
9.917,0,0.2
9.917,0,0.2
9.917,0,0.2
9.918,0,0.2
9.918,0,0.2
9.918,0,0.2
9.918,0,0.2
9.918,0,0.2
9.919,0,0.2
9.919,0,0.2
9.919,0,0.2
9.919,0,0.2
9.919,0,0.2
9.920,0,0.2
9.920,0,0.2
9.920,0,0.2
9.920,0,0.2
9.920,0,0.2
9.921,0,0.7
9.921,0,0.2
9.921,0,0.2
9.922,0,0.2
9.922,0,0.2
9.922,0,0.2
9.922,0,0.2
9.923,0,0.2
9.923,0,0.2
9.923,0,0.2
9.923,0,0.2
9.924,0,0.2
9.924,0,0.2
9.924,0,0.2
9.924,0,0.2
9.925,0,0.4
9.925,0,0.9
9.926,0,0.2
9.926,0,0.2
9.926,0,0.2
9.926,0,0.2
9.927,0,0.2
9.927,0,0.9
9.928,0,0.2
9.928,0,0.2
9.928,0,0.2
9.928,0,0.3
9.929,0,0.2
9.929,0,0.2
9.929,0,0.2
9.929,0,0.2
9.929,0,0.2
9.930,0,0.2
9.930,0,0.2
9.930,0,0.2
9.930,0,0.2
9.930,0,0.2
9.930,0,0.2
9.931,0,0.2
9.931,0,0.2
9.931,0,0.2
9.931,0,0.2
9.931,0,0.2
9.932,0,0.2
9.932,0,0.2
9.932,0,0.2
9.933,0,1.4
9.934,0,0.2
9.934,0,0.2
9.934,0,0.2
9.934,0,0.2
9.935,0,0.2
9.935,0,0.2
9.935,0,0.2
9.935,0,0.2
9.935,0,0.2
9.936,0,0.2
9.936,0,0.2
9.936,0,0.2
9.936,0,0.2
9.936,0,0.2
9.937,0,0.2
9.937,0,0.2
9.937,0,0.2
9.937,0,0.2
9.937,0,0.2
9.938,0,0.2
9.938,0,0.2
9.938,0,0.2
9.938,0,0.2
9.938,0,0.2
9.939,0,0.2
9.939,0,0.2
9.939,0,0.2
9.939,0,0.2
9.939,0,0.2
9.940,0,0.2
9.940,0,0.2
9.940,0,0.2
9.940,0,0.2
9.940,0,0.2
9.941,0,0.2
9.941,0,0.2
9.941,0,0.2
9.941,0,0.2
9.941,0,0.2
9.942,0,0.2
9.942,0,0.2
9.942,0,0.2
9.942,0,0.2
9.942,0,0.2
9.943,0,0.2
9.943,0,0.2
9.943,0,0.2
9.943,0,0.2
9.943,0,0.2
9.943,0,0.2
9.944,0,0.2
9.944,0,0.2
9.944,0,0.2
9.944,0,0.2
9.944,0,0.2
9.945,0,0.2
9.945,0,0.2
9.945,0,0.2
9.945,0,0.4
9.946,0,0.2
9.946,0,0.2
9.946,0,0.2
9.946,0,0.2
9.946,0,0.2
9.947,0,0.2
9.947,0,0.2
9.947,0,0.2
9.947,0,0.2
9.947,0,0.2
9.947,0,0.2
9.948,0,0.2
9.948,0,0.2
9.948,0,0.2
9.948,0,0.2
9.948,0,0.2
9.949,0,0.2
9.949,0,0.2
9.949,0,0.2
9.949,0,0.2
9.949,0,0.2
9.950,0,0.2
9.950,0,0.2
9.950,0,0.2
9.950,0,0.2
9.950,0,0.2
9.950,0,0.2
9.951,0,0.2
9.951,0,0.2
9.951,0,0.2
9.951,0,0.2
9.951,0,0.2
9.952,0,0.2
9.952,0,0.2
9.952,0,0.2
9.952,0,0.2
9.952,0,0.2
9.953,0,0.2
9.953,0,0.2
9.953,0,0.2
9.953,0,0.2
9.953,0,0.2
9.954,0,0.2
9.954,0,0.2
9.954,0,0.2
9.954,0,0.2
9.954,0,0.2
9.954,0,0.2
9.955,0,0.2
9.955,0,0.2
9.955,0,0.2
9.955,0,0.2
9.955,0,0.2
9.956,0,0.2
9.956,0,0.2
9.956,0,0.2
9.956,0,0.2
9.956,0,0.2
9.957,0,0.2
9.957,0,0.2
9.957,0,0.2
9.957,0,0.2
9.957,0,0.2
9.957,0,0.2
9.958,0,0.2
9.958,0,0.2
9.958,0,0.2
9.959,0,1.4
9.960,0,0.2
9.960,0,0.2
9.960,0,0.2
9.960,0,0.3
9.961,0,0.2
9.961,0,0.2
9.962,0,1.4
9.962,0,0.2
9.963,0,0.2
9.963,0,0.2
9.963,0,0.2
9.963,0,0.2
9.963,0,0.2
9.964,0,0.2
9.964,0,0.2
9.964,0,0.2
9.964,0,0.2
9.964,0,0.2
9.965,0,0.2
9.965,0,0.3
9.965,0,0.2
9.966,0,0.4
9.966,0,0.2
9.966,0,0.2
9.967,0,1.4
9.968,0,0.2
9.968,0,0.2
9.968,0,0.2
9.968,0,0.2
9.968,0,0.2
9.969,0,0.2
9.969,0,0.2
9.969,0,0.2
9.969,0,0.2
9.969,0,0.2
9.970,0,0.2
9.970,0,0.2
9.970,0,0.2
9.970,0,0.3
9.970,0,0.2
9.971,0,0.2
9.971,0,0.2
9.971,0,0.2
9.971,0,0.2
9.971,0,0.2
9.971,0,0.2
9.972,0,0.2
9.972,0,0.2
9.972,0,0.2
9.972,0,0.2
9.972,0,0.2
9.973,0,0.3
9.973,0,0.2
9.973,0,0.7
9.974,0,0.2
9.974,0,0.2
9.974,0,0.2
9.974,0,0.2
9.974,0,0.2
9.975,0,0.2
9.975,0,0.2
9.975,0,0.2
9.975,0,0.2
9.975,0,0.2
9.975,0,0.2
9.975,0,0.2
9.976,0,0.2
9.976,0,0.2
9.976,0,0.2
9.976,0,0.2
9.976,0,0.2
9.977,0,0.2
9.977,0,0.2
9.977,0,0.1
9.977,0,0.2
9.977,0,0.2
9.977,0,0.2
9.978,0,0.2
9.978,0,0.2
9.978,0,0.2
9.978,0,0.2
9.978,0,0.2
9.979,0,0.2
9.979,0,0.2
9.979,0,0.2
9.979,0,0.2
9.979,0,0.2
9.979,0,0.2
9.980,0,0.2
9.980,0,0.2
9.980,0,0.2
9.980,0,0.2
9.980,0,0.2
9.980,0,0.2
9.981,0,0.2
9.981,0,0.2
9.981,0,0.2
9.981,0,0.2
9.981,0,0.2
9.981,0,0.2
9.983,0,1.4
9.983,0,0.2
9.983,0,0.2
9.983,0,0.2
9.984,0,0.2
9.984,0,0.2
9.984,0,0.2
9.984,0,0.2
9.984,0,0.2
9.985,0,0.2
9.985,0,0.2
9.985,0,0.2
9.985,0,0.2
9.985,0,0.2
9.985,0,0.2
9.986,0,0.2
9.986,0,0.2
9.986,0,0.2
9.986,0,0.2
9.986,0,0.2
9.987,0,0.2
9.987,0,0.2
9.987,0,0.2
9.987,0,0.2
9.987,0,0.2
9.987,0,0.2
9.988,0,0.2
9.988,0,0.2
9.988,0,0.2
9.988,0,0.2
9.988,0,0.2
9.988,0,0.2
9.989,0,0.2
9.989,0,0.2
9.989,0,0.2
9.989,0,0.2
9.989,0,0.2
9.990,0,0.2
9.990,0,0.2
9.990,0,0.2
9.990,0,0.2
9.990,0,0.2
9.991,0,0.2
9.991,0,0.2
9.991,0,0.2
9.991,0,0.2
9.991,0,0.2
9.991,0,0.2
9.992,0,0.2
9.992,0,0.2
9.992,0,0.2
9.992,0,0.2
9.992,0,0.3
9.993,0,0.3
9.993,0,0.2
9.993,0,0.2
9.993,0,0.2
9.993,0,0.2
9.994,0,0.2
9.994,0,0.2
9.994,0,0.1
9.994,0,0.2
9.994,0,0.1
9.994,0,0.1
9.994,0,0.2
9.995,0,0.2
9.995,0,0.2
9.995,0,0.1
9.995,0,0.2
9.995,0,0.1
9.995,0,0.3
9.996,0,0.2
9.996,0,0.5
9.996,0,0.2
9.997,0,0.2
9.997,0,0.2
9.997,0,0.2
9.999,0,1.5
9.999,0,0.3
9.999,0,0.2
9.999,0,0.2
9.999,0,0.2
10.000,0,0.2
10.000,0,0.2
10.000,0,0.2
10.000,0,0.2
10.000,0,0.3
10.001,0,0.2
10.001,0,0.2
10.001,0,0.2
10.001,0,0.2
10.001,0,0.2
10.002,0,0.2
10.002,0,0.2
10.002,0,0.2
10.002,0,0.2
10.002,0,0.2
10.002,0,0.2
10.003,0,0.2
10.003,0,0.2
10.003,0,0.2
10.003,0,0.2
10.003,0,0.2
10.004,0,0.4
10.004,0,0.2
10.005,0,0.5
10.005,0,0.2
10.005,0,0.2
10.005,0,0.2
10.005,0,0.2
10.005,0,0.2
10.006,0,0.2
10.006,0,0.2
10.006,0,0.2
10.006,0,0.2
10.006,0,0.2
10.007,0,0.2
10.007,0,0.2
10.007,0,0.2
10.007,0,0.2
10.007,0,0.2
10.008,0,0.2
10.008,0,0.2
10.008,0,0.2
10.008,0,0.2
10.008,0,0.2
10.008,0,0.2
10.009,0,0.2
10.009,0,0.2
10.009,0,0.2
10.009,0,0.2
10.009,0,0.2
10.010,0,0.2
10.010,0,0.2
10.010,0,0.2
10.010,0,0.2
10.010,0,0.2
10.011,0,0.2
10.011,0,0.2
10.011,0,0.2
10.011,0,0.2
10.011,0,0.2
10.011,0,0.2
10.012,0,0.2
10.012,0,0.2
10.012,0,0.2
10.012,0,0.2
10.012,0,0.2
10.013,0,0.2
10.013,0,0.2
10.013,0,0.2
10.013,0,0.2
10.013,0,0.2
10.013,0,0.2
10.014,0,0.2
10.014,0,0.2
10.014,0,0.2
10.014,0,0.2
10.014,0,0.2
10.015,0,0.2
10.015,0,0.2
10.015,0,0.2
10.015,0,0.2
10.015,0,0.2
10.015,0,0.2
10.016,0,0.2
10.016,0,0.2
10.016,0,0.2
10.016,0,0.2
10.016,0,0.2
10.017,0,0.2
10.017,0,0.2
10.017,0,0.2
10.017,0,0.2
10.017,0,0.2
10.018,0,0.2
10.018,0,0.2
10.018,0,0.2
10.018,0,0.2
10.018,0,0.2
10.019,0,0.2
10.019,0,0.2
10.019,0,0.2
10.019,0,0.2
10.019,0,0.2
10.019,0,0.2
10.020,0,0.2
10.020,0,0.2
10.020,0,0.2
10.020,0,0.2
10.020,0,0.2
10.021,0,0.2
10.021,0,0.2
10.021,0,0.2
10.021,0,0.2
10.021,0,0.2
10.021,0,0.2
10.022,0,0.2
10.022,0,0.2
10.022,0,0.2
10.022,0,0.2
10.022,0,0.2
10.023,0,0.2
10.023,0,0.2
10.023,0,0.2
10.023,0,0.2
10.023,0,0.2
10.024,0,0.2
10.024,0,0.2
10.024,0,0.2
10.024,0,0.2
10.024,0,0.2
10.025,0,0.2
10.025,0,0.2
10.025,0,0.2
10.025,0,0.2
10.025,0,0.2
10.025,0,0.2
10.026,0,0.2
10.026,0,0.2
10.026,0,0.2
10.026,0,0.2
10.026,0,0.2
10.027,0,0.2
10.027,0,0.2
10.027,0,0.2
10.027,0,0.2
10.027,0,0.2
10.027,0,0.2
10.028,0,0.2
10.028,0,0.2
10.028,0,0.2
10.028,0,0.2
10.028,0,0.2
10.029,0,0.2
10.029,0,0.2
10.029,0,0.2
10.029,0,0.2
10.029,0,0.2
10.030,0,0.2
10.030,0,0.2
10.030,0,0.2
10.030,0,0.2
10.030,0,0.2
10.031,0,0.2
10.031,0,0.2
10.031,0,0.2
10.031,0,0.2
10.031,0,0.2
10.031,0,0.2
10.032,0,0.2
10.032,0,0.2
10.032,0,0.2
10.032,0,0.2
10.032,0,0.2
10.032,0,0.2
10.033,0,0.2
10.033,0,0.2
10.033,0,0.2
10.033,0,0.2
10.033,0,0.2
10.033,0,0.2
10.034,0,0.2
10.034,0,0.2
10.034,0,0.2
10.034,0,0.2
10.034,0,0.2
10.034,0,0.2
10.035,0,0.2
10.035,0,0.2
10.035,0,0.2
10.035,0,0.2
10.035,0,0.2
10.035,0,0.2
10.036,0,0.2
10.036,0,0.8
10.037,0,0.2
10.037,0,0.2
10.037,0,0.2
10.037,0,0.1
10.037,0,0.2
10.037,0,0.2
10.038,0,0.2
10.038,0,0.2
10.038,0,0.2
10.038,0,0.2
10.038,0,0.2
10.038,0,0.2
10.039,0,0.2
10.039,0,0.2
10.039,0,0.2
10.039,0,0.2
10.039,0,0.2
10.040,0,0.2
10.040,0,0.2
10.040,0,0.2
10.040,0,0.2
10.040,0,0.2
10.040,0,0.2
10.041,0,0.2
10.041,0,0.2
10.041,0,0.2
10.041,0,0.2
10.041,0,0.2
10.042,0,0.2
10.042,0,0.2
10.042,0,0.2
10.042,0,0.2
10.042,0,0.2
10.043,0,0.2
10.044,0,1.5
10.044,0,0.3
10.045,0,0.2
10.045,0,0.2
10.045,0,0.2
10.045,0,0.2
10.045,0,0.2
10.045,0,0.2
10.046,0,0.2
10.046,0,0.2
10.046,0,0.2
10.046,0,0.2
10.046,0,0.2
10.047,0,0.2
10.047,0,0.2
10.047,0,0.2
10.047,0,0.2
10.047,0,0.2
10.047,0,0.2
10.048,0,0.2
10.048,0,0.2
10.048,0,0.2
10.048,0,0.2
10.048,0,0.2
10.048,0,0.2
10.049,0,0.2
10.049,0,0.2
10.049,0,0.2
10.049,0,0.1
10.049,0,0.2
10.049,0,0.2
10.050,0,0.2
10.050,0,0.2
10.050,0,0.2
10.050,0,0.2
10.050,0,0.2
10.050,0,0.2
10.051,0,0.2
10.051,0,0.2
10.051,0,0.2
10.053,0,1.8
10.053,0,0.4
10.053,0,0.2
10.054,0,0.2
10.054,0,0.2
10.054,0,0.2
10.054,0,0.2
10.054,0,0.2
10.055,0,0.2
10.055,0,0.2
10.055,0,0.2
10.055,0,0.2
10.055,0,0.2
10.056,0,0.2
10.056,0,0.2
10.056,0,0.2
10.056,0,0.2
10.056,0,0.2
10.057,0,0.2
10.057,0,0.2
10.057,0,0.2
10.057,0,0.2
10.057,0,0.2
10.058,0,0.2
10.058,0,0.2
10.058,0,0.2
10.058,0,0.2
10.058,0,0.2
10.059,0,0.2
10.059,0,0.2
10.059,0,0.2
10.059,0,0.2
10.059,0,0.2
10.060,0,0.2
10.060,0,0.2
10.060,0,0.2
10.060,0,0.2
10.060,0,0.2
10.061,0,0.2
10.061,0,0.2
10.061,0,0.2
10.061,0,0.2
10.061,0,0.2
10.062,0,0.2
10.062,0,0.2
10.062,0,0.6
10.063,0,0.2
10.063,0,0.2
10.063,0,0.2
10.064,0,1.4
10.065,0,0.2
10.065,0,0.2
10.065,0,0.2
10.065,0,0.2
10.065,0,0.2
10.065,0,0.2
10.066,0,0.2
10.066,0,0.2
10.066,0,0.2
10.066,0,0.2
10.066,0,0.2
10.067,0,0.2
10.067,0,0.2
10.067,0,0.2
10.067,0,0.2
10.067,0,0.2
10.067,0,0.2
10.068,0,0.2
10.068,0,0.2
10.068,0,0.2
10.068,0,0.2
10.068,0,0.2
10.068,0,0.2
10.069,0,0.2
10.069,0,0.3
10.069,0,0.2
10.069,0,0.2
10.069,0,0.2
10.070,0,0.2
10.070,0,0.2
10.070,0,0.2
10.070,0,0.2
10.070,0,0.2
10.070,0,0.2
10.071,0,0.2
10.071,0,0.2
10.071,0,0.2
10.071,0,0.2
10.071,0,0.2
10.071,0,0.2
10.072,0,0.2
10.072,0,0.2
10.072,0,0.2
10.072,0,0.2
10.072,0,0.2
10.073,0,0.2
10.073,0,0.2
10.073,0,0.2
10.073,0,0.2
10.073,0,0.2
10.074,0,0.3
10.074,0,0.6
10.074,0,0.2
10.075,0,0.2
10.075,0,0.2
10.075,0,0.2
10.075,0,0.2
10.075,0,0.2
10.076,0,0.2
10.076,0,0.2
10.076,0,0.2
10.076,0,0.2
10.076,0,0.2
10.077,0,0.2
10.077,0,0.2
10.077,0,0.2
10.077,0,0.2
10.077,0,0.2
10.077,0,0.2
10.078,0,0.2
10.078,0,0.2
10.078,0,0.2
10.078,0,0.2
10.080,0,1.6
10.080,0,0.2
10.080,0,0.2
10.080,0,0.2
10.081,0,0.2
10.081,0,0.2
10.081,0,0.2
10.081,0,0.2
10.081,0,0.2
10.082,0,0.2
10.082,0,0.4
10.082,0,0.4
10.083,0,0.2
10.083,0,0.2
10.083,0,0.2
10.083,0,0.2
10.083,0,0.2
10.084,0,0.2
10.084,0,0.2
10.084,0,0.2
10.084,0,0.2
10.085,0,0.5
10.086,0,1.4
10.087,0,1.4
10.089,0,1.5
10.089,0,0.6
10.090,0,0.2
10.090,0,0.3
10.090,0,0.2
10.090,0,0.2
10.090,0,0.2
10.091,0,0.2
10.091,0,0.2
10.091,0,0.2
10.091,0,0.2
10.093,0,1.3
10.093,0,0.4
10.093,0,0.2
10.093,0,0.2
10.094,0,0.2
10.094,0,0.2
10.094,0,0.2
10.094,0,0.2
10.094,0,0.2
10.095,0,0.2
10.095,0,0.2
10.095,0,0.2
10.095,0,0.2
10.095,0,0.2
10.096,0,0.2
10.096,0,0.2
10.096,0,0.2
10.096,0,0.2
10.096,0,0.2
10.096,0,0.2
10.097,0,0.2
10.097,0,0.2
10.097,0,0.2
10.097,0,0.2
10.097,0,0.2
10.098,0,0.2
10.098,0,0.2
10.098,0,0.2
10.098,0,0.2
10.098,0,0.2
10.098,0,0.2
10.099,0,0.2
10.099,0,0.2
10.099,0,0.2
10.099,0,0.2
10.099,0,0.2
10.100,0,0.2
10.100,0,0.2
10.100,0,0.2
10.100,0,0.2
10.100,0,0.2
10.100,0,0.2
10.101,0,0.2
10.101,0,0.2
10.101,0,0.2
10.101,0,0.2
10.101,0,0.2
10.102,0,0.2
10.102,0,0.3
10.102,0,0.2
10.102,0,0.2
10.103,0,0.2
10.103,0,0.2
10.103,0,0.2
10.103,0,0.2
10.103,0,0.2
10.103,0,0.2
10.104,0,0.2
10.104,0,0.2
10.104,0,0.2
10.104,0,0.2
10.104,0,0.2
10.105,0,0.2
10.105,0,0.2
10.105,0,0.2
10.105,0,0.2
10.105,0,0.2
10.105,0,0.2
10.106,0,0.2
10.106,0,0.2
10.106,0,0.2
10.106,0,0.2
10.106,0,0.2
10.107,0,0.2
10.107,0,0.2
10.107,0,0.2
10.107,0,0.2
10.107,0,0.2
10.107,0,0.2
10.108,0,0.2
10.108,0,0.2
10.108,0,0.2
10.108,0,0.2
10.108,0,0.2
10.109,0,0.2
10.109,0,0.2
10.109,0,0.2
10.109,0,0.2
10.109,0,0.2
10.109,0,0.2
10.110,0,0.2
10.110,0,0.2
10.110,0,0.2
10.110,0,0.2
10.111,0,0.4
10.111,0,0.2
10.111,0,0.2
10.111,0,0.2
10.111,0,0.2
10.111,0,0.2
10.112,0,0.2
10.112,0,0.2
10.112,0,0.2
10.112,0,0.2
10.112,0,0.2
10.113,0,0.2
10.113,0,0.2
10.113,0,0.3
10.113,0,0.2
10.113,0,0.2
10.114,0,0.2
10.114,0,0.2
10.114,0,0.2
10.114,0,0.2
10.114,0,0.2
10.115,0,0.2
10.115,0,0.2
10.115,0,0.2
10.115,0,0.2
10.115,0,0.2
10.115,0,0.2
10.116,0,0.2
10.116,0,0.2
10.116,0,0.2
10.116,0,0.2
10.116,0,0.2
10.116,0,0.2
10.117,0,0.2
10.117,0,0.2
10.117,0,0.2
10.117,0,0.2
10.117,0,0.2
10.118,0,0.2
10.118,0,0.2
10.118,0,0.2
10.118,0,0.2
10.118,0,0.2
10.118,0,0.2
10.118,0,0.2
10.119,0,0.2
10.119,0,0.2
10.119,0,0.2
10.119,0,0.2
10.119,0,0.2
10.119,0,0.2
10.120,0,0.2
10.120,0,0.2
10.120,0,0.2
10.120,0,0.2
10.120,0,0.2
10.121,0,0.1
10.121,0,0.2
10.121,0,0.2
10.121,0,0.2
10.121,0,0.2
10.121,0,0.2
10.122,0,0.2
10.122,0,0.2
10.122,0,0.2
10.122,0,0.2
10.122,0,0.2
10.123,0,0.2
10.123,0,0.2
10.123,0,0.2
10.123,0,0.2
10.123,0,0.2
10.124,0,0.2
10.124,0,0.2
10.124,0,0.2
10.124,0,0.3
10.124,0,0.2
10.125,0,0.2
10.125,0,0.2
10.125,0,0.2
10.125,0,0.2
10.125,0,0.2
10.126,0,0.2
10.126,0,0.2
10.126,0,0.2
10.126,0,0.2
10.126,0,0.2
10.127,0,0.2
10.127,0,0.2
10.127,0,0.2
10.127,0,0.2
10.127,0,0.2
10.129,0,1.0
10.129,0,0.2
10.129,0,0.2
10.129,0,0.2
10.129,0,0.2
10.130,0,0.2
10.130,0,0.2
10.130,0,0.2
10.130,0,0.2
10.130,0,0.2
10.131,0,0.2
10.131,0,0.2
10.131,0,0.2
10.131,0,0.2
10.131,0,0.2
10.132,0,0.2
10.132,0,0.2
10.132,0,0.2
10.132,0,0.2
10.132,0,0.2
10.133,0,0.2
10.133,0,0.2
10.133,0,0.2
10.133,0,0.2
10.133,0,0.2
10.134,0,0.2
10.134,0,0.2
10.134,0,0.2
10.134,0,0.2
10.134,0,0.2
10.134,0,0.2
10.135,0,0.2
10.135,0,0.2
10.135,0,0.2
10.135,0,0.2
10.135,0,0.2
10.136,0,0.2
10.136,0,0.2
10.136,0,0.2
10.136,0,0.2
10.136,0,0.2
10.137,0,0.2
10.137,0,0.2
10.137,0,0.2
10.137,0,0.2
10.137,0,0.2
10.137,0,0.2
10.138,0,0.2
10.138,0,0.2
10.138,0,0.2
10.138,0,0.2
10.138,0,0.2
10.139,0,0.2
10.139,0,0.2
10.139,0,0.2
10.139,0,0.2
10.139,0,0.2
10.140,0,0.2
10.140,0,0.2
10.140,0,0.2
10.140,0,0.2
10.140,0,0.2
10.141,0,0.2
10.141,0,0.2
10.141,0,0.2
10.141,0,0.2
10.141,0,0.2
10.142,0,0.2
10.142,0,0.2
10.142,0,0.2
10.142,0,0.2
10.142,0,0.2
10.143,0,0.3
10.143,0,0.2
10.143,0,0.2
10.143,0,0.2
10.143,0,0.2
10.144,0,0.2
10.144,0,0.2
10.144,0,0.2
10.144,0,0.3
10.144,0,0.2
10.145,0,0.2
10.145,0,0.2
10.145,0,0.2
10.145,0,0.2
10.145,0,0.2
10.146,0,0.2
10.146,0,0.2
10.146,0,0.2
10.146,0,0.2
10.146,0,0.2
10.147,0,0.2
10.147,0,0.2
10.147,0,0.2
10.147,0,0.2
10.147,0,0.2
10.148,0,0.2
10.148,0,0.2
10.148,0,0.2
10.148,0,0.2
10.148,0,0.2
10.149,0,0.2
10.149,0,0.2
10.149,0,0.2
10.149,0,0.2
10.149,0,0.2
10.150,0,0.2
10.150,0,0.2
10.150,0,0.2
10.150,0,0.2
10.150,0,0.2
10.150,0,0.2
10.151,0,0.2
10.151,0,0.2
10.151,0,0.2
10.151,0,0.2
10.151,0,0.2
10.152,0,0.2
10.152,0,0.2
10.152,0,0.3
10.152,0,0.3
10.153,0,0.2
10.153,0,0.2
10.153,0,0.2
10.153,0,0.2
10.153,0,0.3
10.154,0,0.3
10.154,0,0.2
10.154,0,0.2
10.154,0,0.2
10.155,0,0.2
10.155,0,0.2
10.155,0,0.2
10.155,0,0.2
10.155,0,0.2
10.156,0,0.2
10.156,0,0.2
10.156,0,0.2
10.156,0,0.2
10.156,0,0.4
10.157,0,0.2
10.157,0,0.2
10.157,0,0.2
10.157,0,0.2
10.157,0,0.2
10.158,0,0.2
10.158,0,0.2
10.158,0,0.2
10.158,0,0.2
10.158,0,0.2
10.159,0,0.2
10.159,0,0.2
10.159,0,0.2
10.159,0,0.2
10.159,0,0.2
10.160,0,0.2
10.160,0,0.2
10.160,0,0.2
10.160,0,0.2
10.160,0,0.2
10.161,0,0.2
10.161,0,0.2
10.161,0,0.2
10.161,0,0.2
10.161,0,0.2
10.162,0,0.2
10.162,0,0.2
10.162,0,0.2
10.162,0,0.2
10.162,0,0.2
10.163,0,0.2
10.163,0,0.2
10.163,0,0.2
10.163,0,0.2
10.163,0,0.2
10.164,0,0.2
10.164,0,0.2
10.164,0,0.2
10.164,0,0.2
10.164,0,0.2
10.165,0,0.2
10.165,0,0.2
10.165,0,0.2
10.165,0,0.2
10.166,0,0.3
10.166,0,0.2
10.166,0,0.2
10.166,0,0.2
10.166,0,0.2
10.167,0,0.2
10.167,0,0.2
10.167,0,0.2
10.167,0,0.2
10.167,0,0.2
10.167,0,0.2
10.168,0,0.2
10.168,0,0.2
10.168,0,0.2
10.168,0,0.2
10.168,0,0.2
10.169,0,0.2
10.169,0,0.2
10.169,0,0.2
10.169,0,0.2
10.169,0,0.2
10.170,0,0.2
10.170,0,0.2
10.170,0,0.2
10.170,0,0.2
10.170,0,0.2
10.171,0,0.2
10.171,0,0.2
10.171,0,0.2
10.171,0,0.2
10.171,0,0.2
10.172,0,0.2
10.172,0,0.2
10.172,0,0.2
10.172,0,0.2
10.172,0,0.2
10.173,0,0.2
10.173,0,0.2
10.173,0,0.2
10.173,0,0.2
10.173,0,0.2
10.174,0,0.2
10.175,0,1.4
10.175,0,0.2
10.175,0,0.2
10.176,0,0.2
10.176,0,0.2
10.176,0,0.1
10.176,0,0.1
10.176,0,0.2
10.176,0,0.2
10.177,0,0.2
10.177,0,0.1
10.177,0,0.1
10.177,0,0.1
10.177,0,0.1
10.177,0,0.2
10.178,0,0.2
10.178,0,0.1
10.178,0,0.1
10.178,0,0.1
10.178,0,0.1
10.178,0,0.1
10.178,0,0.2
10.179,0,0.2
10.179,0,0.1
10.179,0,0.1
10.179,0,0.2
10.179,0,0.2
10.179,0,0.2
10.180,0,0.1
10.180,0,0.2
10.180,0,0.2
10.180,0,0.2
10.180,0,0.2
10.180,0,0.2
10.181,0,0.2
10.181,0,0.2
10.181,0,0.2
10.181,0,0.2
10.181,0,0.2
10.181,0,0.2
10.182,0,0.2
10.182,0,0.1
10.182,0,0.1
10.182,0,0.2
10.182,0,0.2
10.182,0,0.2
10.184,0,1.4
10.184,0,0.2
10.184,0,0.2
10.184,0,0.2
10.184,0,0.2
10.185,0,0.1
10.185,0,0.2
10.185,0,0.2
10.185,0,0.2
10.185,0,0.2
10.185,0,0.2
10.186,0,0.2
10.186,0,0.2
10.186,0,0.2
10.186,0,0.2
10.186,0,0.2
10.187,0,0.2
10.187,0,0.2
10.187,0,0.2
10.187,0,0.2
10.188,0,0.3
10.188,0,0.2
10.188,0,0.2
10.188,0,0.2
10.188,0,0.2
10.189,0,0.2
10.189,0,0.3
10.189,0,0.2
10.189,0,0.3
10.190,0,0.2
10.190,0,0.3
10.190,0,0.3
10.190,0,0.3
10.191,0,0.2
10.191,0,0.3
10.192,0,1.5
10.193,0,0.3
10.193,0,0.2
10.193,0,0.2
10.193,0,0.2
10.194,0,0.2
10.194,0,0.2
10.194,0,0.2
10.194,0,0.2
10.194,0,0.2
10.195,0,0.2
10.195,0,0.2
10.195,0,0.2
10.195,0,0.2
10.196,0,0.2
10.196,0,0.2
10.196,0,0.2
10.196,0,0.2
10.196,0,0.3
10.197,0,0.3
10.197,0,0.2
10.197,0,0.2
10.197,0,0.2
10.198,0,0.2
10.198,0,0.2
10.198,0,0.2
10.198,0,0.2
10.198,0,0.2
10.198,0,0.2
10.199,0,0.2
10.199,0,0.2
10.199,0,0.2
10.199,0,0.2
10.200,0,0.3
10.200,0,0.2
10.200,0,0.3
10.200,0,0.2
10.200,0,0.2
10.201,0,0.2
10.201,0,0.2
10.201,0,0.2
10.201,0,0.2
10.201,0,0.2
10.202,0,0.2
10.202,0,0.2
10.202,0,0.2
10.202,0,0.2
10.202,0,0.2
10.203,0,0.2
10.203,0,0.2
10.203,0,0.2
10.203,0,0.2
10.203,0,0.2
10.203,0,0.2
10.204,0,0.2
10.204,0,0.2
10.204,0,0.2
10.204,0,0.2
10.204,0,0.2
10.205,0,0.2
10.205,0,0.2
10.205,0,0.2
10.205,0,0.2
10.205,0,0.2
10.206,0,0.2
10.206,0,0.2
10.206,0,0.2
10.206,0,0.2
10.206,0,0.3
10.207,0,0.2
10.207,0,0.2
10.207,0,0.2
10.207,0,0.4
10.208,0,0.2
10.208,0,0.2
10.208,0,0.2
10.208,0,0.2
10.209,0,0.2
10.209,0,0.3
10.209,0,0.2
10.209,0,0.2
10.209,0,0.2
10.210,0,0.2
10.210,0,0.2
10.210,0,0.2
10.210,0,0.2
10.210,0,0.2
10.211,0,0.2
10.211,0,0.2
10.211,0,0.2
10.211,0,0.2
10.211,0,0.2
10.212,0,0.2
10.212,0,0.2
10.212,0,0.2
10.212,0,0.2
10.212,0,0.2
10.212,0,0.2
10.213,0,0.2
10.214,0,0.9
10.214,0,0.2
10.214,0,0.2
10.214,0,0.2
10.214,0,0.2
10.214,0,0.2
10.215,0,0.2
10.215,0,0.2
10.215,0,0.2
10.215,0,0.2
10.215,0,0.2
10.215,0,0.2
10.216,0,0.2
10.216,0,0.2
10.216,0,0.2
10.216,0,0.2
10.216,0,0.2
10.216,0,0.2
10.217,0,0.2
10.217,0,0.2
10.217,0,0.2
10.217,0,0.2
10.217,0,0.2
10.217,0,0.2
10.218,0,0.2
10.218,0,0.2
10.218,0,0.2
10.218,0,0.2
10.218,0,0.2
10.218,0,0.2
10.219,0,0.2
10.219,0,0.2
10.219,0,0.1
10.219,0,0.2
10.219,0,0.1
10.219,0,0.2
10.219,0,0.2
10.220,0,0.2
10.220,0,0.2
10.220,0,0.2
10.220,0,0.2
10.220,0,0.2
10.220,0,0.2
10.221,0,0.2
10.221,0,0.2
10.221,0,0.2
10.221,0,0.2
10.221,0,0.2
10.221,0,0.2
10.222,0,0.2
10.222,0,0.2
10.222,0,0.2
10.222,0,0.2
10.222,0,0.2
10.222,0,0.2
10.223,0,0.2
10.223,0,0.2
10.223,0,0.2
10.223,0,0.2
10.223,0,0.2
10.223,0,0.2
10.224,0,0.2
10.224,0,0.1
10.224,0,0.2
10.224,0,0.2
10.224,0,0.3
10.225,0,0.2
10.225,0,0.2
10.225,0,0.2
10.225,0,0.2
10.225,0,0.2
10.225,0,0.2
10.226,0,0.2
10.226,0,0.2
10.226,0,0.2
10.226,0,0.2
10.226,0,0.2
10.226,0,0.2
10.227,0,0.2
10.227,0,0.2
10.227,0,0.2
10.227,0,0.2
10.227,0,0.2
10.228,0,0.2
10.228,0,0.2
10.228,0,0.2
10.228,0,0.2
10.228,0,0.2
10.228,0,0.2
10.229,0,0.2
10.229,0,0.2
10.229,0,0.2
10.229,0,0.2
10.230,0,0.3
10.230,0,0.2
10.230,0,0.2
10.230,0,0.2
10.230,0,0.2
10.230,0,0.2
10.231,0,0.2
10.231,0,0.2
10.231,0,0.2
10.231,0,0.2
10.231,0,0.2
10.232,0,0.2
10.232,0,0.2
10.232,0,0.2
10.232,0,0.2
10.232,0,0.2
10.232,0,0.2
10.233,0,0.2
10.233,0,0.2
10.233,0,0.2
10.233,0,0.2
10.233,0,0.2
10.234,0,0.2
10.234,0,0.2
10.234,0,0.2
10.234,0,0.2
10.234,0,0.2
10.235,0,0.2
10.235,0,0.2
10.235,0,0.2
10.235,0,0.2
10.235,0,0.2
10.235,0,0.2
10.236,0,0.2
10.236,0,0.2
10.236,0,0.2
10.236,0,0.2
10.236,0,0.2
10.236,0,0.2
10.237,0,0.2
10.237,0,0.2
10.237,0,0.2
10.237,0,0.2
10.237,0,0.2
10.237,0,0.2
10.237,0,0.2
10.238,0,0.2
10.238,0,0.2
10.238,0,0.2
10.238,0,0.2
10.238,0,0.2
10.238,0,0.1
10.239,0,0.2
10.239,0,0.2
10.239,0,0.1
10.239,0,0.1
10.239,0,0.1
10.239,0,0.2
10.240,0,0.2
10.240,0,0.2
10.240,0,0.1
10.240,0,0.2
10.240,0,0.2
10.240,0,0.2
10.241,0,0.2
10.241,0,0.1
10.241,0,0.2
10.241,0,0.1
10.241,0,0.2
10.241,0,0.2
10.242,0,0.1
10.242,0,0.1
10.242,0,0.1
10.242,0,0.1
10.242,0,0.2
10.242,0,0.2
10.242,0,0.2
10.243,0,0.1
10.243,0,0.1
10.243,0,0.1
10.243,0,0.1
10.243,0,0.2
10.243,0,0.1
10.243,0,0.2
10.244,0,0.1
10.244,0,0.1
10.244,0,0.1
10.244,0,0.2
10.244,0,0.2
10.244,0,0.2
10.245,0,0.1
10.245,0,0.1
10.245,0,0.2
10.245,0,0.2
10.245,0,0.1
10.245,0,0.2
10.246,0,0.1
10.246,0,0.1
10.246,0,0.1
10.246,0,0.1
10.246,0,0.2
10.246,0,0.1
10.246,0,0.2
10.247,0,0.1
10.247,0,0.1
10.247,0,0.1
10.247,0,0.1
10.247,0,0.1
10.247,0,0.1
10.247,0,0.2
10.248,0,0.1
10.248,0,0.1
10.248,0,0.1
10.248,0,0.1
10.248,0,0.1
10.248,0,0.2
10.248,0,0.2
10.249,0,0.2
10.249,0,0.1
10.249,0,0.2
10.249,0,0.1
10.249,0,0.2
10.249,0,0.2
10.250,0,0.1
10.250,0,0.2
10.250,0,0.2
10.250,0,0.2
10.250,0,0.1
10.250,0,0.2
10.251,0,0.1
10.251,0,0.1
10.251,0,0.1
10.251,0,0.2
10.251,0,0.1
10.251,0,0.1
10.251,0,0.2
10.252,0,0.1
10.252,0,0.1
10.252,0,0.2
10.252,0,0.1
10.252,0,0.1
10.252,0,0.2
10.252,0,0.2
10.253,0,0.1
10.253,0,0.2
10.253,0,0.2
10.253,0,0.1
10.253,0,0.1
10.253,0,0.2
10.255,0,1.4
10.255,0,0.2
10.255,0,0.2
10.255,0,0.2
10.256,0,0.2
10.256,0,0.2
10.256,0,0.2
10.256,0,0.2
10.256,0,0.2
10.257,0,0.2
10.257,0,0.2
10.257,0,0.2
10.257,0,0.2
10.257,0,0.2
10.258,0,0.2
10.258,0,0.2
10.258,0,0.2
10.258,0,0.2
10.258,0,0.2
10.258,0,0.2
10.259,0,0.2
10.259,0,0.2
10.259,0,0.2
10.259,0,0.2
10.259,0,0.2
10.260,0,0.2
10.260,0,0.2
10.260,0,0.2
10.260,0,0.2
10.260,0,0.3
10.261,0,0.2
10.261,0,0.2
10.261,0,0.2
10.262,0,1.4
10.263,0,0.2
10.263,0,0.2
10.263,0,0.2
10.263,0,0.2
10.263,0,0.2
10.264,0,0.2
10.264,0,0.2
10.264,0,0.2
10.264,0,0.2
10.264,0,0.2
10.265,0,0.2
10.265,0,0.2
10.265,0,0.2
10.265,0,0.2
10.265,0,0.2
10.266,0,0.2
10.266,0,0.2
10.266,0,0.2
10.266,0,0.2
10.266,0,0.2
10.266,0,0.2
10.267,0,0.2
10.267,0,0.2
10.267,0,0.2
10.267,0,0.2
10.267,0,0.2
10.268,0,0.2
10.268,0,0.2
10.268,0,0.2
10.268,0,0.2
10.268,0,0.2
10.269,0,0.2
10.269,0,0.2
10.269,0,0.2
10.269,0,0.2
10.269,0,0.2
10.270,0,0.2
10.270,0,0.2
10.270,0,0.2
10.270,0,0.2
10.270,0,0.2
10.271,0,0.2
10.271,0,0.2
10.271,0,0.7
10.272,0,0.3
10.272,0,0.2
10.272,0,0.2
10.272,0,0.2
10.272,0,0.2
10.273,0,0.2
10.273,0,0.2
10.273,0,0.2
10.273,0,0.2
10.273,0,0.2
10.273,0,0.2
10.274,0,0.2
10.274,0,0.2
10.274,0,0.2
10.274,0,0.2
10.274,0,0.2
10.275,0,0.2
10.275,0,0.2
10.275,0,0.2
10.275,0,0.2
10.275,0,0.2
10.275,0,0.2
10.276,0,0.2
10.276,0,0.2
10.276,0,0.2
10.276,0,0.2
10.276,0,0.2
10.276,0,0.2
10.277,0,0.2
10.277,0,0.2
10.277,0,0.2
10.277,0,0.2
10.277,0,0.2
10.277,0,0.2
10.278,0,0.2
10.278,0,0.2
10.278,0,0.2
10.278,0,0.2
10.278,0,0.2
10.279,0,0.2
10.279,0,0.2
10.279,0,0.2
10.279,0,0.2
10.279,0,0.2
10.280,0,0.2
10.280,0,0.2
10.280,0,0.2
10.280,0,0.2
10.280,0,0.2
10.281,0,0.2
10.281,0,0.2
10.281,0,0.2
10.281,0,0.2
10.281,0,0.2
10.281,0,0.2
10.282,0,0.2
10.282,0,0.2
10.282,0,0.2
10.282,0,0.2
10.282,0,0.2
10.283,0,0.2
10.283,0,0.2
10.283,0,0.2
10.283,0,0.2
10.283,0,0.2
10.283,0,0.2
10.284,0,0.2
10.284,0,0.2
10.284,0,0.2
10.284,0,0.2
10.284,0,0.2
10.284,0,0.2
10.285,0,0.2
10.285,0,0.2
10.285,0,0.2
10.285,0,0.2
10.285,0,0.2
10.286,0,0.2
10.286,0,0.2
10.286,0,0.2
10.286,0,0.2
10.286,0,0.2
10.287,0,0.2
10.287,0,0.2
10.287,0,0.2
10.287,0,0.2
10.287,0,0.2
10.288,0,0.2
10.288,0,0.2
10.288,0,0.1
10.288,0,0.2
10.288,0,0.2
10.288,0,0.2
10.289,0,0.2
10.289,0,0.2
10.289,0,0.2
10.289,0,0.2
10.289,0,0.2
10.289,0,0.2
10.290,0,0.2
10.290,0,0.2
10.290,0,0.2
10.290,0,0.2
10.290,0,0.2
10.291,0,0.2
10.291,0,0.2
10.291,0,0.2
10.291,0,0.2
10.291,0,0.2
10.291,0,0.2
10.291,0,0.2
10.292,0,0.2
10.292,0,0.2
10.292,0,0.2
10.292,0,0.2
10.292,0,0.2
10.293,0,0.2
10.293,0,0.8
10.294,0,0.2
10.294,0,0.2
10.294,0,0.2
10.294,0,0.2
10.294,0,0.2
10.294,0,0.2
10.295,0,0.2
10.295,0,0.2
10.295,0,0.2
10.295,0,0.2
10.295,0,0.2
10.296,0,0.2
10.296,0,0.2
10.296,0,0.2
10.296,0,0.2
10.296,0,0.2
10.296,0,0.2
10.297,0,0.2
10.297,0,0.2
10.297,0,0.2
10.297,0,0.2
10.298,0,0.2
10.298,0,0.2
10.298,0,0.2
10.298,0,0.2
10.298,0,0.2
10.298,0,0.2
10.299,0,0.2
10.299,0,0.2
10.299,0,0.2
10.299,0,0.2
10.299,0,0.2
10.299,0,0.2
10.300,0,0.2
10.300,0,0.2
10.300,0,0.2
10.300,0,0.2
10.300,0,0.2
10.301,0,0.2
10.301,0,0.2
10.301,0,0.2
10.301,0,0.2
10.301,0,0.2
10.301,0,0.2
10.302,0,0.2
10.302,0,0.2
10.302,0,0.2
10.302,0,0.2
10.302,0,0.2
10.303,0,0.2
10.303,0,0.2
10.303,0,0.2
10.303,0,0.2
10.303,0,0.2
10.303,0,0.2
10.304,0,0.2
10.304,0,0.2
10.305,0,0.8
10.305,0,0.2
10.305,0,0.2
10.305,0,0.2
10.305,0,0.2
10.306,0,0.2
10.306,0,0.2
10.306,0,0.2
10.306,0,0.2
10.306,0,0.2
10.307,0,0.2
10.307,0,0.2
10.307,0,0.2
10.307,0,0.2
10.307,0,0.2
10.307,0,0.2
10.308,0,0.2
10.308,0,0.2
10.308,0,0.2
10.308,0,0.2
10.308,0,0.2
10.309,0,0.2
10.309,0,0.2
10.309,0,0.2
10.309,0,0.2
10.309,0,0.2
10.310,0,0.2
10.310,0,0.2
10.310,0,0.2
10.310,0,0.2
10.310,0,0.2
10.311,0,0.2
10.311,0,0.2
10.311,0,0.2
10.311,0,0.2
10.311,0,0.2
10.311,0,0.2
10.312,0,0.2
10.312,0,0.2
10.312,0,0.2
10.312,0,0.2
10.312,0,0.2
10.313,0,0.2
10.313,0,0.2
10.313,0,0.2
10.313,0,0.2
10.313,0,0.2
10.314,0,0.2
10.314,0,0.2
10.314,0,0.2
10.314,0,0.2
10.314,0,0.2
10.315,0,0.2
10.315,0,0.2
10.315,0,0.2
10.315,0,0.2
10.315,0,0.2
10.316,0,0.2
10.316,0,0.2
10.316,0,0.2
10.316,0,0.2
10.316,0,0.3
10.317,0,0.2
10.317,0,0.2
10.317,0,0.2
10.317,0,0.2
10.317,0,0.2
10.318,0,0.2
10.318,0,0.2
10.318,0,0.2
10.318,0,0.2
10.318,0,0.2
10.319,0,0.2
10.319,0,0.2
10.319,0,0.2
10.319,0,0.2
10.319,0,0.2
10.320,0,0.2
10.321,0,0.9
10.321,0,0.5
10.321,0,0.2
10.321,0,0.2
10.322,0,0.2
10.322,0,0.2
10.322,0,0.2
10.322,0,0.2
10.323,0,0.2
10.323,0,0.2
10.323,0,0.2
10.323,0,0.2
10.323,0,0.2
10.324,0,0.2
10.324,0,0.2
10.324,0,0.2
10.324,0,0.2
10.324,0,0.2
10.325,0,0.2
10.325,0,0.2
10.325,0,0.3
10.326,0,0.4
10.326,0,0.2
10.326,0,0.2
10.326,0,0.2
10.326,0,0.2
10.327,0,0.2
10.327,0,0.2
10.327,0,0.2
10.327,0,0.2
10.327,0,0.2
10.328,0,0.2
10.328,0,0.2
10.328,0,0.2
10.328,0,0.3
10.329,0,0.3
10.329,0,0.2
10.329,0,0.2
10.329,0,0.2
10.330,0,0.2
10.330,0,0.2
10.330,0,0.2
10.330,0,0.2
10.330,0,0.2
10.331,0,0.2
10.331,0,0.2
10.331,0,0.2
10.331,0,0.2
10.331,0,0.2
10.332,0,0.2
10.332,0,0.2
10.332,0,0.2
10.332,0,0.2
10.332,0,0.2
10.333,0,0.2
10.333,0,0.2
10.333,0,0.2
10.333,0,0.2
10.333,0,0.2
10.334,0,0.2
10.334,0,0.3
10.334,0,0.2
10.334,0,0.2
10.335,0,0.2
10.335,0,0.2
10.335,0,0.2
10.335,0,0.2
10.335,0,0.2
10.336,0,0.2
10.336,0,0.2
10.336,0,0.2
10.336,0,0.3
10.337,0,0.2
10.337,0,0.2
10.337,0,0.2
10.337,0,0.2
10.337,0,0.2
10.338,0,0.2
10.338,0,0.2
10.338,0,0.2
10.338,0,0.2
10.339,0,0.2
10.339,0,0.2
10.339,0,0.2
10.339,0,0.2
10.339,0,0.2
10.340,0,0.2
10.340,0,0.2
10.340,0,0.2
10.340,0,0.2
10.340,0,0.2
10.340,0,0.2
10.341,0,0.2
10.341,0,0.2
10.341,0,0.2
10.341,0,0.2
10.341,0,0.2
10.342,0,0.2
10.342,0,0.2
10.342,0,0.2
10.342,0,0.2
10.342,0,0.2
10.343,0,0.2
10.343,0,0.2
10.343,0,0.2
10.343,0,0.2
10.343,0,0.2
10.344,0,0.2
10.344,0,0.2
10.344,0,0.2
10.344,0,0.2
10.344,0,0.2
10.345,0,0.2
10.345,0,0.2
10.345,0,0.2
10.345,0,0.2
10.345,0,0.2
10.346,0,0.2
10.346,0,0.2
10.346,0,0.2
10.346,0,0.2
10.346,0,0.2
10.346,0,0.2
10.347,0,0.2
10.347,0,0.2
10.347,0,0.2
10.347,0,0.2
10.347,0,0.2
10.348,0,0.2
10.348,0,0.3
10.348,0,0.2
10.349,0,1.3
10.350,0,0.2
10.350,0,0.2
10.350,0,0.2
10.350,0,0.2
10.350,0,0.2
10.351,0,0.3
10.351,0,0.2
10.351,0,0.2
10.351,0,0.2
10.351,0,0.2
10.352,0,0.2
10.353,0,0.8
10.353,0,0.2
10.353,0,0.2
10.353,0,0.2
10.353,0,0.2
10.353,0,0.2
10.354,0,0.2
10.354,0,0.2
10.354,0,0.2
10.354,0,0.2
10.354,0,0.2
10.355,0,0.2
10.355,0,0.2
10.355,0,0.2
10.355,0,0.2
10.355,0,0.2
10.356,0,0.2
10.356,0,0.2
10.356,0,0.2
10.356,0,0.2
10.356,0,0.2
10.357,0,0.2
10.357,0,0.2
10.357,0,0.2
10.357,0,0.2
10.357,0,0.2
10.358,0,0.2
10.358,0,0.2
10.358,0,0.2
10.358,0,0.2
10.358,0,0.2
10.359,0,0.2
10.359,0,0.2
10.359,0,0.2
10.359,0,0.2
10.359,0,0.2
10.360,0,0.2
10.360,0,0.2
10.360,0,0.2
10.360,0,0.2
10.361,0,0.8
10.361,0,0.2
10.361,0,0.2
10.362,0,0.2
10.362,0,0.2
10.362,0,0.2
10.362,0,0.2
10.362,0,0.2
10.363,0,0.2
10.363,0,0.2
10.363,0,0.2
10.363,0,0.2
10.363,0,0.2
10.364,0,0.3
10.364,0,0.2
10.364,0,0.2
10.364,0,0.2
10.365,0,0.2
10.365,0,0.2
10.365,0,0.2
10.365,0,0.2
10.365,0,0.2
10.366,0,0.2
10.366,0,0.2
10.366,0,0.2
10.366,0,0.2
10.366,0,0.3
10.367,0,0.2
10.367,0,0.2
10.367,0,0.2
10.367,0,0.2
10.368,0,0.2
10.368,0,0.2
10.368,0,0.3
10.368,0,0.2
10.369,0,0.2
10.369,0,0.3
10.369,0,0.2
10.369,0,0.2
10.369,0,0.2
10.370,0,0.2
10.370,0,0.2
10.370,0,0.2
10.370,0,0.2
10.370,0,0.2
10.371,0,0.2
10.371,0,0.2
10.371,0,0.2
10.371,0,0.2
10.371,0,0.2
10.372,0,0.2
10.372,0,0.2
10.372,0,0.2
10.372,0,0.2
10.373,0,0.2
10.373,0,0.2
10.373,0,0.2
10.373,0,0.2
10.373,0,0.2
10.374,0,0.2
10.374,0,0.2
10.374,0,0.2
10.374,0,0.2
10.375,0,0.2
10.375,0,0.2
10.375,0,0.2
10.375,0,0.2
10.375,0,0.2
10.376,0,0.2
10.376,0,0.2
10.376,0,0.2
10.376,0,0.2
10.376,0,0.2
10.377,0,0.2
10.378,0,1.0
10.378,0,0.2
10.378,0,0.2
10.378,0,0.2
10.378,0,0.2
10.379,0,0.2
10.379,0,0.2
10.379,0,0.2
10.379,0,0.2
10.379,0,0.2
10.379,0,0.2
10.380,0,0.2
10.380,0,0.2
10.380,0,0.2
10.380,0,0.2
10.380,0,0.2
10.381,0,0.2
10.381,0,0.2
10.381,0,0.2
10.381,0,0.2
10.381,0,0.2
10.382,0,0.3
10.382,0,0.2
10.382,0,0.2
10.382,0,0.2
10.383,0,0.2
10.383,0,0.2
10.383,0,0.2
10.383,0,0.2
10.383,0,0.2
10.384,0,0.2
10.384,0,0.2
10.384,0,0.2
10.384,0,0.2
10.384,0,0.3
10.385,0,0.2
10.386,0,1.4
10.386,0,0.2
10.386,0,0.2
10.387,0,0.2
10.387,0,0.2
10.387,0,0.2
10.387,0,0.2
10.388,0,0.4
10.388,0,0.2
10.388,0,0.2
10.388,0,0.3
10.389,0,0.2
10.389,0,0.2
10.389,0,0.2
10.389,0,0.2
10.389,0,0.2
10.390,0,0.2
10.390,0,0.2
10.390,0,0.2
10.390,0,0.2
10.391,0,0.2
10.391,0,0.2
10.391,0,0.2
10.391,0,0.2
10.391,0,0.2
10.392,0,0.2
10.392,0,0.2
10.392,0,0.2
10.392,0,0.2
10.392,0,0.3
10.393,0,0.2
10.393,0,0.2
10.393,0,0.2
10.393,0,0.2
10.393,0,0.2
10.394,0,0.2
10.395,0,1.4
10.395,0,0.3
10.396,0,0.2
10.396,0,0.2
10.397,0,1.5
10.399,0,1.5
10.402,0,3.5
10.403,0,0.3
10.403,0,0.2
10.404,0,0.8
10.404,0,0.2
10.404,0,0.3
10.405,0,0.3
10.405,0,0.2
10.405,0,0.2
10.406,0,1.1
10.408,0,1.5
10.409,0,1.0
10.410,0,1.6
10.413,0,2.4
10.421,0,8.2
10.421,0,0.3
10.421,0,0.3
10.421,0,0.3
10.422,0,0.2
10.422,0,0.2
10.422,0,0.2
10.422,0,0.2
10.423,0,0.2
10.423,0,0.3
10.423,0,0.2
10.423,0,0.2
10.423,0,0.2
10.424,0,0.2
10.424,0,0.2
10.424,0,0.2
10.424,0,0.3
10.426,0,1.5
10.426,0,0.3
10.428,0,1.5
10.428,0,0.8
10.431,0,2.7
10.432,0,1.2
10.433,0,0.6
10.435,0,1.7
10.436,0,1.5
10.437,0,1.4
10.438,0,0.2
10.438,0,0.2
10.438,0,0.2
10.438,0,0.3
10.439,0,0.3
10.440,0,1.4
10.440,0,0.3
10.443,0,2.5
10.443,0,0.3
10.446,0,2.6
10.446,0,0.4
10.448,0,2.2
10.449,0,0.7
10.450,0,1.1
10.453,0,2.9
10.456,0,2.5
10.456,0,0.3
10.459,0,2.7
10.459,0,0.3
10.460,0,1.5
10.461,0,0.2
10.461,0,0.8
10.462,0,0.2
10.462,0,0.3
10.463,0,1.3
10.463,0,0.3
10.465,0,1.2
10.465,0,0.3
10.466,0,1.4
10.467,0,1.0
10.468,0,0.3
10.468,0,0.2
10.468,0,0.2
10.471,0,2.7
10.472,0,1.4
10.473,0,1.2
10.474,0,0.3
10.474,0,0.2
10.474,0,0.2
10.474,0,0.2
10.475,0,0.2
10.475,0,0.2
10.476,0,1.6
10.478,0,1.5
10.479,0,1.4
10.480,0,0.3
10.480,0,0.3
10.480,0,0.3
10.482,0,1.5
10.482,0,0.6
10.486,0,4.0
10.487,0,0.3
10.488,0,1.6
10.490,0,1.5
10.491,0,1.5
10.494,0,2.2
10.494,0,0.2
10.494,0,0.2
10.494,0,0.2
10.495,0,0.9
10.495,0,0.2
10.496,0,0.3
10.497,0,1.8
10.499,0,1.2
10.499,0,0.2
10.499,0,0.2
10.501,0,1.6
10.503,0,1.9
10.504,0,1.6
10.506,0,1.6
10.507,0,1.5
10.508,0,1.0
10.509,0,0.3
10.510,0,1.5
10.510,0,0.4
10.512,0,1.1
10.512,0,0.3
10.512,0,0.2
10.512,0,0.3
10.513,0,1.1
10.515,0,1.5
10.515,0,0.5
10.516,0,0.3
10.517,0,1.7
10.518,0,0.3
10.518,0,0.3
10.518,0,0.2
10.518,0,0.3
10.519,0,0.3
10.519,0,0.3
10.519,0,0.3
10.520,0,1.2
10.521,0,0.3
10.522,0,0.8
10.522,0,0.3
10.522,0,0.3
10.522,0,0.2
10.523,0,0.2
10.523,0,0.2
10.523,0,0.2
10.523,0,0.2
10.523,0,0.2
10.524,0,0.2
10.524,0,0.2
10.524,0,0.2
10.524,0,0.2
10.524,0,0.2
10.525,0,0.2
10.525,0,0.2
10.525,0,0.2
10.525,0,0.3
10.525,0,0.2
10.526,0,0.2
10.526,0,0.2
10.526,0,0.2
10.526,0,0.2
10.526,0,0.2
10.527,0,0.2
10.527,0,0.2
10.527,0,0.2
10.527,0,0.2
10.527,0,0.2
10.527,0,0.2
10.528,0,0.2
10.528,0,0.2
10.528,0,0.2
10.528,0,0.2
10.528,0,0.2
10.528,0,0.2
10.529,0,0.2
10.529,0,0.2
10.529,0,0.2
10.529,0,0.2
10.531,0,1.5
10.531,0,0.3
10.531,0,0.2
10.531,0,0.2
10.532,0,0.2
10.532,0,0.2
10.532,0,0.2
10.532,0,0.2
10.532,0,0.2
10.533,0,0.2
10.533,0,0.2
10.533,0,0.3
10.533,0,0.2
10.534,0,0.2
10.534,0,0.2
10.534,0,0.2
10.534,0,0.2
10.535,0,0.2
10.535,0,0.2
10.535,0,0.2
10.535,0,0.2
10.536,0,0.2
10.536,0,0.2
10.539,0,2.8
10.539,0,0.3
10.539,0,0.2
10.539,0,0.2
10.540,0,0.2
10.540,0,0.2
10.540,0,0.2
10.540,0,0.2
10.540,0,0.3
10.541,0,0.3
10.541,0,0.2
10.541,0,0.2
10.541,0,0.2
10.542,0,0.2
10.542,0,0.2
10.542,0,0.3
10.542,0,0.2
10.543,0,0.2
10.543,0,0.2
10.543,0,0.2
10.543,0,0.2
10.543,0,0.2
10.544,0,0.2
10.544,0,0.2
10.544,0,0.2
10.544,0,0.3
10.545,0,0.2
10.545,0,0.2
10.545,0,0.3
10.545,0,0.3
10.546,0,0.4
10.546,0,0.2
10.546,0,0.2
10.546,0,0.2
10.547,0,0.2
10.547,0,0.2
10.547,0,0.2
10.547,0,0.2
10.547,0,0.2
10.548,0,0.2
10.548,0,0.2
10.548,0,0.2
10.548,0,0.2
10.548,0,0.3
10.549,0,0.3
10.549,0,0.2
10.549,0,0.2
10.551,0,1.4
10.552,0,1.5
10.554,0,1.5
10.555,0,1.5
10.556,0,1.2
10.557,0,0.3
10.557,0,0.2
10.557,0,0.2
10.557,0,0.3
10.558,0,0.2
10.558,0,0.2
10.558,0,0.2
10.558,0,0.2
10.559,0,0.2
10.559,0,0.2
10.559,0,0.2
10.559,0,0.2
10.559,0,0.2
10.560,0,0.2
10.560,0,0.2
10.560,0,0.2
10.560,0,0.3
10.561,0,0.3
10.561,0,0.2
10.561,0,0.2
10.561,0,0.2
10.562,0,0.3
10.562,0,0.3
10.562,0,0.2
10.562,0,0.2
10.563,0,0.2
10.563,0,0.2
10.563,0,0.2
10.563,0,0.2
10.564,0,0.3
10.564,0,0.2
10.564,0,0.2
10.564,0,0.3
10.565,0,0.3
10.565,0,0.2
10.565,0,0.3
10.565,0,0.2
10.566,0,0.2
10.566,0,0.2
10.566,0,0.3
10.566,0,0.2
10.566,0,0.2
10.567,0,0.2
10.567,0,0.2
10.567,0,0.2
10.567,0,0.2
10.568,0,0.2
10.568,0,0.2
10.568,0,0.2
10.568,0,0.2
10.568,0,0.2
10.569,0,0.2
10.569,0,0.2
10.569,0,0.2
10.569,0,0.2
10.570,0,0.2
10.570,0,0.2
10.570,0,0.2
10.570,0,0.2
10.570,0,0.2
10.571,0,0.2
10.571,0,0.2
10.571,0,0.2
10.571,0,0.2
10.571,0,0.2
10.572,0,0.3
10.572,0,0.2
10.572,0,0.2
10.572,0,0.3
10.573,0,0.2
10.573,0,0.2
10.573,0,0.2
10.573,0,0.2
10.573,0,0.2
10.574,0,0.2
10.574,0,0.2
10.574,0,0.2
10.574,0,0.2
10.575,0,0.2
10.575,0,0.2
10.575,0,0.3
10.575,0,0.2
10.575,0,0.2
10.576,0,0.2
10.576,0,0.2
10.576,0,0.2
10.576,0,0.3
10.577,0,0.2
10.577,0,0.2
10.577,0,0.2
10.577,0,0.2
10.577,0,0.2
10.578,0,0.2
10.578,0,0.2
10.578,0,0.2
10.578,0,0.2
10.579,0,0.2
10.579,0,0.2
10.579,0,0.2
10.579,0,0.2
10.579,0,0.2
10.580,0,0.2
10.580,0,0.2
10.580,0,0.2
10.580,0,0.3
10.581,0,0.3
10.581,0,0.2
10.581,0,0.2
10.581,0,0.2
10.581,0,0.3
10.582,0,0.2
10.582,0,0.2
10.582,0,0.2
10.582,0,0.2
10.583,0,0.2
10.583,0,0.2
10.583,0,0.2
10.583,0,0.2
10.583,0,0.2
10.584,0,0.2
10.584,0,0.2
10.584,0,0.3
10.584,0,0.2
10.585,0,0.2
10.585,0,0.2
10.585,0,0.2
10.585,0,0.2
10.586,0,0.2
10.586,0,0.2
10.586,0,0.2
10.586,0,0.3
10.587,0,0.2
10.587,0,0.2
10.587,0,0.2
10.587,0,0.2
10.588,0,0.2
10.588,0,0.3
10.588,0,0.2
10.589,0,1.2
10.590,0,0.3
10.590,0,0.2
10.590,0,0.3
10.590,0,0.3
10.591,0,0.2
10.591,0,0.2
10.591,0,0.2
10.591,0,0.2
10.592,0,0.2
10.593,0,1.5
10.594,0,1.3
10.595,0,0.3
10.595,0,0.2
10.595,0,0.2
10.595,0,0.2
10.595,0,0.2
10.596,0,0.2
10.596,0,0.2
10.596,0,0.2
10.596,0,0.2
10.597,0,0.2
10.597,0,0.2
10.597,0,0.2
10.597,0,0.3
10.597,0,0.2
10.598,0,0.2
10.598,0,0.2
10.598,0,0.2
10.598,0,0.2
10.599,0,0.2
10.599,0,0.2
10.599,0,0.2
10.599,0,0.2
10.599,0,0.2
10.600,0,0.2
10.600,0,0.2
10.600,0,0.2
10.600,0,0.2
10.600,0,0.2
10.601,0,0.2
10.601,0,0.2
10.601,0,0.2
10.601,0,0.2
10.601,0,0.2
10.602,0,0.2
10.602,0,0.5
10.602,0,0.2
10.603,0,0.2
10.603,0,0.2
10.603,0,0.2
10.603,0,0.2
10.603,0,0.2
10.604,0,0.2
10.604,0,0.2
10.604,0,0.2
10.604,0,0.2
10.604,0,0.2
10.605,0,0.2
10.605,0,0.2
10.605,0,0.2
10.605,0,0.2
10.605,0,0.2
10.606,0,0.2
10.606,0,0.2
10.606,0,0.2
10.606,0,0.2
10.606,0,0.2
10.607,0,0.2
10.607,0,0.2
10.607,0,0.2
10.607,0,0.2
10.607,0,0.2
10.608,0,0.2
10.608,0,0.2
10.608,0,0.2
10.608,0,0.2
10.608,0,0.2
10.609,0,0.2
10.609,0,0.2
10.609,0,0.2
10.609,0,0.2
10.609,0,0.2
10.610,0,0.2
10.610,0,0.2
10.610,0,0.2
10.610,0,0.2
10.611,0,0.3
10.611,0,0.2
10.611,0,0.2
10.611,0,0.2
10.611,0,0.2
10.612,0,0.2
10.612,0,0.2
10.612,0,0.2
10.612,0,0.2
10.612,0,0.2
10.613,0,0.2
10.613,0,0.3
10.613,0,0.2
10.613,0,0.2
10.614,0,0.2
10.614,0,0.2
10.614,0,0.2
10.614,0,0.2
10.614,0,0.2
10.615,0,0.2
10.615,0,0.2
10.615,0,0.2
10.615,0,0.2
10.615,0,0.2
10.616,0,0.2
10.616,0,0.2
10.616,0,0.2
10.616,0,0.2
10.616,0,0.2
10.617,0,0.2
10.617,0,0.3
10.617,0,0.2
10.617,0,0.2
10.617,0,0.2
10.618,0,0.2
10.618,0,0.2
10.618,0,0.2
10.618,0,0.3
10.618,0,0.2
10.619,0,0.2
10.619,0,0.2
10.619,0,0.2
10.619,0,0.2
10.619,0,0.2
10.620,0,0.2
10.620,0,0.2
10.620,0,0.2
10.620,0,0.2
10.620,0,0.2
10.621,0,0.2
10.621,0,0.3
10.625,0,4.2
10.626,0,1.3
10.627,0,1.0
10.628,0,0.9
10.629,0,0.9
10.630,0,1.3
10.632,0,2.0
10.634,0,1.7
10.636,0,2.3
10.639,0,2.9
10.640,0,1.1
10.641,0,0.4
10.641,0,0.3
10.641,0,0.3
10.642,0,0.3
10.642,0,0.2
10.642,0,0.6
10.648,0,5.7
10.657,0,9.1
10.660,0,2.4
10.663,0,3.5
10.664,0,1.2
10.665,0,1.1
10.667,0,1.2
10.667,0,0.7
10.668,0,0.6
10.670,0,2.1
10.671,0,1.1
10.671,0,0.4
10.672,0,0.5
10.675,0,3.2
10.676,0,0.8
10.680,0,4.6
10.683,0,2.9
10.686,0,3.0
10.687,0,0.8
10.688,0,0.3
10.690,0,2.6
10.692,0,1.7
10.699,0,7.0
10.701,0,2.2
10.701,0,0.3
10.702,0,0.5
10.706,0,3.7
10.706,0,0.4
10.709,0,2.9
10.709,0,0.4
10.710,0,0.9
10.711,0,0.3
10.711,0,0.3
10.711,0,0.3
10.711,0,0.4
10.712,0,1.0
10.715,0,2.1
10.715,0,0.3
10.715,0,0.3
10.717,0,2.0
10.718,0,1.2
10.720,0,1.5
10.721,0,1.2
10.724,0,2.4
10.724,0,0.3
10.724,0,0.2
10.724,0,0.2
10.725,0,0.2
10.725,0,0.2
10.725,0,0.2
10.725,0,0.2
10.725,0,0.2
10.726,0,1.1
10.727,0,0.3
10.727,0,0.2
10.727,0,0.2
10.727,0,0.3
10.728,0,0.2
10.728,0,0.2
10.728,0,0.2
10.730,0,1.9
10.730,0,0.4
10.731,0,0.2
10.731,0,0.2
10.731,0,0.2
10.731,0,0.2
10.731,0,0.2
10.732,0,0.2
10.732,0,0.2
10.732,0,0.2
10.732,0,0.3
10.733,0,0.3
10.733,0,0.3
10.733,0,0.2
10.733,0,0.2
10.734,0,0.2
10.734,0,0.2
10.734,0,0.3
10.734,0,0.2
10.734,0,0.2
10.735,0,0.2
10.735,0,0.2
10.735,0,0.2
10.735,0,0.2
10.736,0,0.2
10.736,0,0.2
10.736,0,0.2
10.736,0,0.2
10.736,0,0.3
10.737,0,0.3
10.737,0,0.2
10.737,0,0.2
10.737,0,0.2
10.738,0,0.2
10.738,0,0.2
10.738,0,0.2
10.738,0,0.2
10.738,0,0.2
10.739,0,0.2
10.740,0,1.5
10.742,0,1.6
10.742,0,0.3
10.742,0,0.3
10.743,0,0.3
10.743,0,0.3
10.743,0,0.3
10.743,0,0.3
10.744,0,0.2
10.744,0,0.3
10.744,0,0.3
10.744,0,0.3
10.745,0,0.2
10.745,0,0.2
10.745,0,0.3
10.745,0,0.3
10.746,0,0.2
10.746,0,0.2
10.746,0,0.2
10.746,0,0.3
10.747,0,0.3
10.747,0,0.2
10.747,0,0.3
10.747,0,0.3
10.748,0,0.2
10.748,0,0.2
10.748,0,0.3
10.750,0,1.8
10.750,0,0.4
10.751,0,0.9
10.753,0,1.4
10.753,0,0.3
10.753,0,0.3
10.754,0,0.3
10.754,0,0.2
10.754,0,0.2
10.756,0,1.5
10.759,0,3.1
10.759,0,0.2
10.759,0,0.2
10.759,0,0.2
10.760,0,0.3
10.760,0,0.2
10.760,0,0.2
10.760,0,0.2
10.760,0,0.2
10.761,0,0.3
10.761,0,0.2
10.761,0,0.3
10.761,0,0.2
10.762,0,0.2
10.762,0,0.2
10.762,0,0.2
10.762,0,0.2
10.763,0,0.2
10.763,0,0.2
10.763,0,0.3
10.763,0,0.2
10.764,0,0.3
10.764,0,0.3
10.764,0,0.3
10.764,0,0.2
10.765,0,0.3
10.765,0,0.2
10.765,0,0.3
10.765,0,0.3
10.766,0,0.3
10.766,0,0.2
10.766,0,0.3
10.767,0,0.3
10.767,0,0.3
10.767,0,0.3
10.767,0,0.3
10.768,0,0.3
10.770,0,2.8
10.771,0,0.9
10.772,0,0.2
10.772,0,0.2
10.772,0,0.2
10.772,0,0.3
10.773,0,0.2
10.773,0,0.2
10.773,0,0.2
10.773,0,0.2
10.774,0,0.4
10.774,0,0.2
10.774,0,0.2
10.774,0,0.2
10.774,0,0.2
10.775,0,0.2
10.775,0,0.2
10.775,0,0.2
10.775,0,0.2
10.776,0,0.2
10.776,0,0.2
10.776,0,0.2
10.776,0,0.3
10.777,0,0.2
10.777,0,0.2
10.777,0,0.2
10.777,0,0.2
10.777,0,0.2
10.777,0,0.2
10.778,0,0.2
10.778,0,0.2
10.778,0,0.1
10.778,0,0.1
10.778,0,0.1
10.778,0,0.2
10.779,0,0.2
10.779,0,0.2
10.779,0,0.1
10.779,0,0.1
10.779,0,0.1
10.779,0,0.2
10.780,0,0.2
10.780,0,0.1
10.780,0,0.1
10.780,0,0.2
10.780,0,0.2
10.780,0,0.2
10.781,0,0.2
10.781,0,0.2
10.781,0,0.2
10.781,0,0.2
10.781,0,0.2
10.781,0,0.2
10.782,0,0.2
10.782,0,0.2
10.782,0,0.2
10.782,0,0.2
10.782,0,0.2
10.782,0,0.2
10.783,0,0.2
10.783,0,0.2
10.783,0,0.2
10.783,0,0.2
10.783,0,0.2
10.784,0,0.2
10.784,0,0.2
10.784,0,0.2
10.784,0,0.2
10.784,0,0.2
10.784,0,0.2
10.785,0,0.2
10.785,0,0.2
10.785,0,0.2
10.785,0,0.2
10.785,0,0.2
10.786,0,0.2
10.786,0,0.2
10.786,0,0.2
10.786,0,0.2
10.786,0,0.2
10.786,0,0.2
10.787,0,0.2
10.787,0,0.2
10.787,0,0.2
10.787,0,0.2
10.787,0,0.2
10.787,0,0.2
10.788,0,0.2
10.788,0,0.2
10.788,0,0.2
10.788,0,0.2
10.788,0,0.2
10.789,0,0.2
10.789,0,0.2
10.789,0,0.2
10.789,0,0.2
10.789,0,0.2
10.790,0,0.2
10.790,0,0.2
10.790,0,0.2
10.790,0,0.3
10.790,0,0.2
10.791,0,0.2
10.791,0,0.2
10.791,0,0.2
10.791,0,0.2
10.791,0,0.2
10.792,0,0.2
10.792,0,0.2
10.792,0,0.2
10.792,0,0.2
10.792,0,0.2
10.792,0,0.2
10.793,0,0.2
10.794,0,1.1
10.794,0,0.3
10.796,0,1.6
10.796,0,0.3
10.796,0,0.2
10.796,0,0.2
10.797,0,0.2
10.797,0,0.2
10.797,0,0.2
10.797,0,0.2
10.797,0,0.2
10.798,0,0.2
10.798,0,0.2
10.798,0,0.2
10.798,0,0.2
10.799,0,0.2
10.799,0,0.2
10.799,0,0.2
10.799,0,0.2
10.799,0,0.2
10.800,0,0.2
10.800,0,0.2
10.800,0,0.2
10.800,0,0.2
10.800,0,0.2
10.801,0,0.3
10.801,0,0.2
10.802,0,1.4
10.804,0,1.5
10.805,0,1.5
10.806,0,0.6
10.806,0,0.2
10.806,0,0.2
10.807,0,0.3
10.807,0,0.2
10.807,0,0.2
10.807,0,0.2
10.807,0,0.2
10.808,0,0.2
10.808,0,0.2
10.808,0,0.2
10.808,0,0.2
10.808,0,0.2
10.809,0,0.2
10.809,0,0.2
10.809,0,0.2
10.809,0,0.3
10.810,0,0.2
10.810,0,0.2
10.810,0,0.2
10.810,0,0.2
10.810,0,0.2
10.811,0,0.2
10.811,0,0.2
10.811,0,0.2
10.811,0,0.2
10.811,0,0.2
10.812,0,0.2
10.812,0,0.2
10.812,0,0.2
10.812,0,0.2
10.812,0,0.2
10.813,0,0.2
10.813,0,0.2
10.813,0,0.2
10.813,0,0.2
10.813,0,0.2
10.814,0,0.2
10.814,0,0.2
10.814,0,0.2
10.814,0,0.2
10.814,0,0.2
10.815,0,0.2
10.815,0,0.2
10.815,0,0.2
10.815,0,0.2
10.815,0,0.2
10.816,0,0.2
10.816,0,0.2
10.816,0,0.2
10.816,0,0.2
10.816,0,0.2
10.817,0,0.2
10.817,0,0.2
10.817,0,0.2
10.817,0,0.2
10.817,0,0.2
10.818,0,0.2
10.818,0,0.2
10.818,0,0.2
10.818,0,0.2
10.818,0,0.2
10.819,0,0.2
10.819,0,0.2
10.819,0,0.2
10.819,0,0.2
10.819,0,0.2
10.820,0,0.2
10.820,0,0.2
10.820,0,0.2
10.820,0,0.2
10.820,0,0.2
10.821,0,0.2
10.821,0,0.2
10.821,0,0.2
10.821,0,0.2
10.821,0,0.2
10.822,0,0.2
10.822,0,0.2
10.822,0,0.2
10.822,0,0.2
10.822,0,0.2
10.823,0,0.2
10.823,0,0.2
10.823,0,0.2
10.823,0,0.2
10.823,0,0.2
10.824,0,0.2
10.824,0,0.2
10.824,0,0.2
10.824,0,0.2
10.824,0,0.2
10.824,0,0.2
10.825,0,0.2
10.825,0,0.2
10.825,0,0.2
10.825,0,0.2
10.825,0,0.2
10.826,0,0.2
10.826,0,0.2
10.826,0,0.2
10.826,0,0.2
10.826,0,0.2
10.827,0,0.2
10.827,0,0.2
10.827,0,0.2
10.827,0,0.2
10.827,0,0.2
10.828,0,0.2
10.828,0,0.2
10.828,0,0.2
10.828,0,0.2
10.828,0,0.2
10.829,0,0.2
10.829,0,0.2
10.829,0,0.2
10.829,0,0.2
10.829,0,0.2
10.829,0,0.2
10.830,0,0.2
10.830,0,0.2
10.830,0,0.2
10.830,0,0.2
10.830,0,0.2
10.831,0,0.2
10.831,0,0.2
10.831,0,0.2
10.831,0,0.2
10.831,0,0.2
10.832,0,0.2
10.832,0,0.2
10.832,0,0.2
10.832,0,0.2
10.832,0,0.2
10.833,0,0.2
10.833,0,0.3
10.833,0,0.2
10.833,0,0.2
10.834,0,0.2
10.834,0,0.2
10.834,0,0.3
10.834,0,0.2
10.834,0,0.2
10.835,0,0.2
10.835,0,0.2
10.835,0,0.2
10.835,0,0.2
10.836,0,0.2
10.836,0,0.2
10.836,0,0.2
10.836,0,0.2
10.836,0,0.2
10.837,0,0.2
10.837,0,0.2
10.837,0,0.2
10.837,0,0.2
10.837,0,0.2
10.839,0,1.3
10.839,0,0.2
10.839,0,0.2
10.839,0,0.2
10.840,0,0.3
10.840,0,0.2
10.840,0,0.2
10.840,0,0.2
10.840,0,0.2
10.841,0,0.2
10.841,0,0.2
10.841,0,0.2
10.841,0,0.3
10.841,0,0.2
10.842,0,0.2
10.842,0,0.2
10.842,0,0.2
10.842,0,0.2
10.842,0,0.2
10.842,0,0.2
10.843,0,0.2
10.843,0,0.2
10.843,0,0.2
10.843,0,0.2
10.843,0,0.2
10.843,0,0.2
10.844,0,0.2
10.844,0,0.3
10.844,0,0.2
10.844,0,0.3
10.845,0,0.2
10.845,0,0.2
10.845,0,0.2
10.845,0,0.2
10.846,0,0.2
10.846,0,0.2
10.846,0,0.2
10.846,0,0.2
10.846,0,0.2
10.847,0,0.2
10.847,0,0.2
10.847,0,0.2
10.847,0,0.2
10.848,0,0.3
10.848,0,0.2
10.848,0,0.2
10.848,0,0.4
10.849,0,0.2
10.849,0,0.2
10.849,0,0.2
10.849,0,0.3
10.850,0,0.2
10.850,0,0.2
10.850,0,0.2
10.850,0,0.2
10.850,0,0.3
10.851,0,0.2
10.851,0,0.2
10.851,0,0.3
10.853,0,1.5
10.853,0,0.2
10.853,0,0.3
10.853,0,0.3
10.854,0,0.3
10.854,0,0.2
10.854,0,0.2
10.854,0,0.3
10.855,0,0.2
10.855,0,0.2
10.855,0,0.2
10.855,0,0.2
10.856,0,0.2
10.856,0,0.2
10.856,0,0.2
10.856,0,0.2
10.857,0,0.2
10.857,0,0.2
10.857,0,0.2
10.857,0,0.2
10.857,0,0.2
10.858,0,0.2
10.858,0,0.2
10.858,0,0.2
10.858,0,0.2
10.859,0,0.2
10.859,0,0.2
10.859,0,0.2
10.859,0,0.2
10.859,0,0.2
10.860,0,0.2
10.860,0,0.2
10.860,0,0.2
10.860,0,0.3
10.861,0,0.2
10.861,0,0.2
10.861,0,0.2
10.861,0,0.3
10.862,0,0.2
10.862,0,0.2
10.862,0,0.2
10.862,0,0.2
10.862,0,0.2
10.863,0,0.2
10.863,0,0.2
10.863,0,0.2
10.863,0,0.2
10.864,0,0.2
10.864,0,0.2
10.864,0,0.2
10.864,0,0.2
10.864,0,0.3
10.865,0,0.2
10.865,0,0.2
10.865,0,0.2
10.865,0,0.2
10.866,0,0.2
10.866,0,0.2
10.866,0,0.2
10.866,0,0.2
10.866,0,0.2
10.867,0,0.2
10.867,0,0.2
10.867,0,0.2
10.867,0,0.3
10.867,0,0.2
10.868,0,0.2
10.868,0,0.2
10.868,0,0.2
10.868,0,0.3
10.869,0,0.2
10.869,0,0.2
10.869,0,0.2
10.869,0,0.2
10.870,0,0.2
10.870,0,0.2
10.870,0,0.2
10.870,0,0.2
10.870,0,0.2
10.871,0,0.2
10.871,0,0.2
10.871,0,0.2
10.871,0,0.2
10.872,0,0.2
10.872,0,0.2
10.872,0,0.2
10.872,0,0.2
10.872,0,0.2
10.873,0,0.2
10.873,0,0.3
10.873,0,0.2
10.873,0,0.2
10.874,0,0.2
10.874,0,0.2
10.874,0,0.2
10.874,0,0.2
10.874,0,0.2
10.874,0,0.3
10.876,0,1.5
10.876,0,0.2
10.876,0,0.2
10.877,0,0.2
10.877,0,0.2
10.877,0,0.2
10.877,0,0.2
10.877,0,0.3
10.878,0,0.2
10.878,0,0.2
10.878,0,0.2
10.878,0,0.2
10.878,0,0.2
10.879,0,0.2
10.879,0,0.2
10.879,0,0.2
10.879,0,0.2
10.879,0,0.2
10.879,0,0.2
10.880,0,0.2
10.880,0,0.2
10.880,0,0.2
10.880,0,0.2
10.880,0,0.2
10.881,0,0.2
10.881,0,0.3
10.881,0,0.2
10.881,0,0.2
10.881,0,0.2
10.882,0,0.2
10.882,0,0.2
10.882,0,0.2
10.882,0,0.2
10.882,0,0.2
10.883,0,0.2
10.883,0,0.2
10.883,0,0.2
10.883,0,0.2
10.883,0,0.2
10.883,0,0.2
10.884,0,0.2
10.884,0,0.2
10.884,0,0.2
10.884,0,0.2
10.884,0,0.2
10.885,0,0.3
10.885,0,0.2
10.885,0,0.2
10.885,0,0.2
10.885,0,0.2
10.886,0,0.2
10.886,0,0.2
10.886,0,0.2
10.886,0,0.2
10.886,0,0.3
10.887,0,0.2
10.887,0,0.2
10.887,0,0.2
10.887,0,0.2
10.888,0,0.2
10.888,0,0.2
10.888,0,0.2
10.890,0,1.5
10.891,0,1.5
10.893,0,1.5
10.894,0,1.5
10.894,0,0.3
10.895,0,0.2
10.895,0,0.2
10.895,0,0.2
10.895,0,0.2
10.896,0,0.3
10.896,0,0.3
10.896,0,0.2
10.896,0,0.2
10.896,0,0.2
10.897,0,0.2
10.897,0,0.2
10.897,0,0.2
10.897,0,0.2
10.898,0,0.2
10.898,0,0.2
10.898,0,0.2
10.898,0,0.2
10.898,0,0.2
10.899,0,0.2
10.899,0,0.2
10.899,0,0.2
10.899,0,0.2
10.900,0,0.2
10.900,0,0.2
10.900,0,0.2
10.900,0,0.3
10.901,0,0.2
10.901,0,0.2
10.901,0,0.2
10.901,0,0.3
10.902,0,0.2
10.902,0,0.2
10.902,0,0.2
10.902,0,0.2
10.902,0,0.2
10.903,0,0.3
10.903,0,0.2
10.903,0,0.2
10.903,0,0.2
10.904,0,0.2
10.904,0,0.2
10.904,0,0.2
10.904,0,0.2
10.904,0,0.2
10.905,0,0.2
10.905,0,0.2
10.905,0,0.2
10.905,0,0.2
10.906,0,0.2
10.906,0,0.2
10.906,0,0.3
10.906,0,0.2
10.906,0,0.2
10.907,0,0.2
10.907,0,0.2
10.907,0,0.3
10.907,0,0.2
10.908,0,0.2
10.908,0,0.2
10.908,0,0.2
10.908,0,0.2
10.908,0,0.2
10.909,0,0.2
10.909,0,0.2
10.909,0,0.2
10.909,0,0.2
10.910,0,0.2
10.910,0,0.2
10.910,0,0.2
10.910,0,0.2
10.910,0,0.2
10.911,0,0.2
10.911,0,0.2
10.911,0,0.2
10.911,0,0.2
10.911,0,0.2
10.912,0,0.4
10.912,0,0.6
10.913,0,0.2
10.913,0,0.2
10.913,0,0.2
10.913,0,0.2
10.914,0,0.3
10.914,0,0.3
10.914,0,0.2
10.915,0,1.3
10.916,0,0.9
10.917,0,0.4
10.917,0,0.3
10.917,0,0.4
10.918,0,1.0
10.919,0,0.3
10.919,0,0.7
10.920,0,0.9
10.922,0,1.5
10.923,0,1.5
10.925,0,1.3
10.925,0,0.3
10.925,0,0.2
10.925,0,0.3
10.926,0,0.4
10.926,0,0.2
10.926,0,0.4
10.927,0,0.3
10.927,0,0.2
10.927,0,0.2
10.927,0,0.2
10.928,0,0.2
10.928,0,0.2
10.928,0,0.2
10.928,0,0.3
10.929,0,0.2
10.929,0,0.2
10.929,0,0.2
10.929,0,0.2
10.930,0,0.2
10.930,0,0.2
10.930,0,0.2
10.930,0,0.3
10.930,0,0.2
10.931,0,0.2
10.931,0,0.2
10.931,0,0.2
10.931,0,0.2
10.932,0,0.2
10.932,0,0.2
10.932,0,0.2
10.932,0,0.2
10.933,0,0.2
10.933,0,0.3
10.933,0,0.2
10.933,0,0.2
10.934,0,0.2
10.934,0,0.2
10.934,0,0.2
10.934,0,0.2
10.934,0,0.2
10.935,0,0.4
10.936,0,1.5
10.937,0,1.0
10.938,0,0.3
10.938,0,0.2
10.938,0,0.2
10.939,0,0.4
10.939,0,0.2
10.939,0,0.2
10.939,0,0.2
10.939,0,0.2
10.940,0,0.2
10.940,0,0.2
10.940,0,0.2
10.940,0,0.2
10.940,0,0.3
10.941,0,0.2
10.941,0,0.2
10.941,0,0.2
10.941,0,0.2
10.942,0,0.2
10.942,0,0.2
10.942,0,0.2
10.942,0,0.2
10.942,0,0.2
10.943,0,0.2
10.943,0,0.2
10.943,0,0.2
10.943,0,0.2
10.944,0,0.2
10.944,0,0.2
10.944,0,0.2
10.944,0,0.2
10.946,0,1.5
10.946,0,0.2
10.946,0,0.2
10.946,0,0.2
10.947,0,0.2
10.947,0,0.2
10.947,0,0.2
10.947,0,0.2
10.947,0,0.3
10.948,0,0.2
10.948,0,0.2
10.948,0,0.2
10.948,0,0.2
10.948,0,0.2
10.949,0,0.2
10.949,0,0.2
10.949,0,0.2
10.949,0,0.2
10.950,0,0.2
10.950,0,0.2
10.950,0,0.2
10.950,0,0.2
10.950,0,0.2
10.951,0,0.2
10.951,0,0.2
10.951,0,0.3
10.951,0,0.2
10.951,0,0.2
10.952,0,0.2
10.952,0,0.2
10.952,0,0.2
10.952,0,0.2
10.952,0,0.2
10.953,0,0.2
10.953,0,0.2
10.953,0,0.2
10.953,0,0.2
10.953,0,0.2
10.954,0,0.2
10.954,0,0.2
10.954,0,0.3
10.955,0,1.5
10.956,0,0.3
10.956,0,0.2
10.956,0,0.2
10.956,0,0.2
10.957,0,0.2
10.957,0,0.2
10.957,0,0.2
10.957,0,0.2
10.957,0,0.2
10.958,0,0.2
10.958,0,0.2
10.958,0,0.2
10.958,0,0.2
10.958,0,0.2
10.959,0,0.2
10.959,0,0.2
10.959,0,0.2
10.959,0,0.2
10.959,0,0.2
10.960,0,0.2
10.960,0,0.2
10.960,0,0.2
10.960,0,0.2
10.960,0,0.2
10.961,0,0.2
10.961,0,0.2
10.961,0,0.2
10.961,0,0.2
10.961,0,0.2
10.962,0,0.2
10.962,0,0.2
10.962,0,0.2
10.962,0,0.2
10.962,0,0.2
10.963,0,0.2
10.963,0,0.2
10.963,0,0.2
10.963,0,0.2
10.963,0,0.2
10.964,0,0.2
10.964,0,0.2
10.964,0,0.2
10.964,0,0.2
10.964,0,0.2
10.965,0,0.2
10.965,0,0.2
10.965,0,0.2
10.965,0,0.2
10.965,0,0.2
10.966,0,0.2
10.966,0,0.2
10.966,0,0.2
10.966,0,0.2
10.966,0,0.2
10.967,0,0.2
10.967,0,0.2
10.967,0,0.2
10.967,0,0.2
10.967,0,0.2
10.967,0,0.2
10.968,0,0.2
10.968,0,0.3
10.968,0,0.2
10.968,0,0.2
10.969,0,0.2
10.969,0,0.2
10.969,0,0.2
10.969,0,0.2
10.969,0,0.2
10.970,0,0.2
10.970,0,0.2
10.970,0,0.2
10.970,0,0.2
10.970,0,0.2
10.970,0,0.2
10.971,0,0.2
10.971,0,0.2
10.971,0,0.2
10.971,0,0.2
10.971,0,0.2
10.972,0,0.2
10.972,0,0.2
10.972,0,0.2
10.972,0,0.2
10.972,0,0.2
10.972,0,0.2
10.973,0,0.2
10.973,0,0.2
10.973,0,0.2
10.973,0,0.2
10.973,0,0.2
10.974,0,0.2
10.974,0,0.2
10.974,0,0.2
10.974,0,0.2
10.974,0,0.2
10.974,0,0.2
10.975,0,0.2
10.975,0,0.2
10.975,0,0.2
10.975,0,0.2
10.975,0,0.2
10.976,0,0.2
10.976,0,0.2
10.976,0,0.2
10.976,0,0.2
10.976,0,0.2
10.977,0,0.2
10.977,0,0.2
10.977,0,0.2
10.977,0,0.2
10.977,0,0.2
10.978,0,0.2
10.978,0,0.2
10.978,0,0.2
10.978,0,0.2
10.978,0,0.2
10.978,0,0.2
10.979,0,0.2
10.979,0,0.2
10.979,0,0.2
10.979,0,0.2
10.979,0,0.2
10.980,0,0.2
10.980,0,0.2
10.980,0,0.2
10.980,0,0.2
10.980,0,0.2
10.981,0,0.2
10.981,0,0.2
10.981,0,0.2
10.981,0,0.2
10.981,0,0.2
10.982,0,0.2
10.982,0,0.2
10.982,0,0.2
10.982,0,0.2
10.982,0,0.2
10.982,0,0.2
10.983,0,0.2
10.983,0,0.2
10.983,0,0.2
10.983,0,0.2
10.983,0,0.2
10.984,0,0.2
10.984,0,0.2
10.984,0,0.2
10.984,0,0.2
10.984,0,0.2
10.985,0,0.3
10.985,0,0.2
10.985,0,0.2
10.985,0,0.2
10.985,0,0.2
10.986,0,0.2
10.986,0,0.2
10.986,0,0.3
10.986,0,0.2
10.986,0,0.2
10.987,0,0.2
10.987,0,0.2
10.987,0,0.2
10.987,0,0.2
10.987,0,0.2
10.988,0,0.2
10.988,0,0.2
10.988,0,0.2
10.988,0,0.2
10.988,0,0.2
10.989,0,0.2
10.989,0,0.2
10.989,0,0.2
10.989,0,0.3
10.989,0,0.2
10.990,0,0.2
10.990,0,0.2
10.990,0,0.2
10.990,0,0.2
10.990,0,0.2
10.991,0,0.2
10.991,0,0.2
10.991,0,0.2
10.991,0,0.2
10.991,0,0.2
10.992,0,0.2
10.992,0,0.2
10.992,0,0.2
10.992,0,0.2
10.992,0,0.3
10.993,0,0.2
10.993,0,0.2
10.993,0,0.2
10.993,0,0.2
10.993,0,0.2
10.993,0,0.2
10.994,0,0.2
10.994,0,0.2
10.994,0,0.2
10.994,0,0.2
10.994,0,0.2
10.995,0,0.2
10.995,0,0.2
10.995,0,0.2
10.995,0,0.2
10.995,0,0.3
10.996,0,0.2
10.996,0,0.2
10.996,0,0.2
10.996,0,0.3
10.997,0,0.2
10.997,0,0.2
10.997,0,0.2
10.997,0,0.2
10.997,0,0.2
10.998,0,0.2
10.998,0,0.2
10.998,0,0.2
10.998,0,0.2
10.998,0,0.2
10.998,0,0.2
10.999,0,0.2
10.999,0,0.2
10.999,0,0.2
10.999,0,0.2
10.999,0,0.2
11.000,0,0.2
11.000,0,0.2
11.000,0,0.2
11.000,0,0.2
11.001,0,0.2
11.001,0,0.2
11.001,0,0.2
11.001,0,0.2
11.001,0,0.2
11.002,0,0.2
11.002,0,0.2
11.002,0,0.2
11.002,0,0.2
11.002,0,0.2
11.003,0,0.2
11.003,0,0.2
11.003,0,0.2
11.003,0,0.2
11.003,0,0.2
11.003,0,0.2
11.004,0,0.2
11.004,0,0.2
11.004,0,0.2
11.004,0,0.2
11.004,0,0.2
11.005,0,0.2
11.005,0,0.2
11.005,0,0.2
11.005,0,0.3
11.005,0,0.2
11.006,0,0.2
11.006,0,0.2
11.006,0,0.2
11.006,0,0.2
11.007,0,0.2
11.007,0,0.2
11.007,0,0.2
11.007,0,0.2
11.007,0,0.2
11.007,0,0.2
11.008,0,0.2
11.008,0,0.2
11.008,0,0.2
11.008,0,0.2
11.008,0,0.2
11.009,0,0.2
11.009,0,0.2
11.009,0,0.2
11.009,0,0.2
11.010,0,0.2
11.010,0,0.2
11.010,0,0.2
11.010,0,0.2
11.010,0,0.2
11.011,0,0.2
11.011,0,0.2
11.011,0,0.2
11.011,0,0.2
11.012,0,0.2
11.012,0,0.2
11.012,0,0.2
11.012,0,0.2
11.012,0,0.3
11.013,0,0.2
11.013,0,0.2
11.013,0,0.2
11.013,0,0.2
11.013,0,0.2
11.014,0,0.3
11.015,0,1.4
11.016,0,1.3
11.017,0,0.2
11.017,0,0.2
11.017,0,0.2
11.017,0,0.2
11.017,0,0.2
11.018,0,0.2
11.018,0,0.2
11.018,0,0.2
11.018,0,0.2
11.018,0,0.2
11.019,0,0.2
11.019,0,0.2
11.019,0,0.2
11.019,0,0.2
11.019,0,0.2
11.020,0,0.2
11.020,0,0.2
11.020,0,0.2
11.020,0,0.2
11.021,0,0.2
11.021,0,0.2
11.021,0,0.2
11.023,0,1.8
11.024,0,1.6
11.025,0,0.2
11.025,0,0.2
11.025,0,0.2
11.025,0,0.2
11.025,0,0.2
11.026,0,0.2
11.026,0,0.2
11.026,0,0.2
11.026,0,0.2
11.027,0,0.2
11.027,0,0.2
11.027,0,0.2
11.027,0,0.2
11.027,0,0.2
11.028,0,0.2
11.028,0,0.2
11.029,0,1.4
11.030,0,1.3
11.031,0,0.2
11.031,0,0.2
11.031,0,0.2
11.031,0,0.2
11.032,0,0.2
11.032,0,0.2
11.032,0,0.2
11.032,0,0.2
11.032,0,0.2
11.033,0,0.2
11.033,0,0.2
11.033,0,0.2
11.033,0,0.2
11.033,0,0.2
11.034,0,0.2
11.034,0,0.5
11.034,0,0.4
11.035,0,0.2
11.035,0,0.2
11.035,0,0.2
11.035,0,0.2
11.035,0,0.2
11.036,0,0.2
11.036,0,0.2
11.036,0,0.2
11.036,0,0.2
11.036,0,0.2
11.037,0,0.2
11.037,0,0.2
11.037,0,0.2
11.037,0,0.2
11.037,0,0.2
11.038,0,0.2
11.038,0,0.2
11.038,0,0.2
11.038,0,0.2
11.039,0,0.6
11.039,0,0.2
11.039,0,0.2
11.039,0,0.2
11.040,0,0.2
11.040,0,0.2
11.040,0,0.2
11.040,0,0.2
11.040,0,0.3
11.041,0,0.2
11.041,0,0.2
11.041,0,0.2
11.041,0,0.2
11.041,0,0.2
11.042,0,0.2
11.042,0,0.2
11.042,0,0.2
11.042,0,0.2
11.042,0,0.2
11.043,0,0.2
11.043,0,0.2
11.043,0,0.2
11.043,0,0.2
11.044,0,0.2
11.044,0,0.2
11.044,0,0.2
11.044,0,0.3
11.045,0,0.2
11.045,0,0.2
11.045,0,0.2
11.045,0,0.2
11.045,0,0.2
11.046,0,0.2
11.046,0,0.2
11.046,0,0.2
11.046,0,0.2
11.047,0,0.3
11.047,0,0.3
11.047,0,0.2
11.047,0,0.2
11.048,0,0.2
11.048,0,0.2
11.048,0,0.2
11.048,0,0.2
11.048,0,0.2
11.049,0,0.2
11.049,0,0.2
11.049,0,0.2
11.049,0,0.2
11.050,0,0.2
11.050,0,0.2
11.050,0,0.2
11.050,0,0.2
11.050,0,0.2
11.051,0,0.2
11.051,0,0.2
11.051,0,0.2
11.051,0,0.2
11.051,0,0.2
11.052,0,0.2
11.052,0,0.2
11.052,0,0.2
11.053,0,0.6
11.053,0,0.2
11.053,0,0.2
11.053,0,0.2
11.054,0,0.2
11.054,0,0.2
11.054,0,0.2
11.054,0,0.2
11.054,0,0.2
11.055,0,0.2
11.055,0,0.2
11.056,0,1.5
11.057,0,0.3
11.057,0,0.2
11.057,0,0.2
11.057,0,0.2
11.057,0,0.2
11.057,0,0.2
11.058,0,0.2
11.058,0,0.2
11.058,0,0.2
11.058,0,0.2
11.058,0,0.2
11.059,0,0.2
11.059,0,0.2
11.059,0,0.2
11.059,0,0.2
11.059,0,0.2
11.060,0,0.2
11.060,0,0.2
11.060,0,0.2
11.060,0,0.2
11.060,0,0.2
11.061,0,0.2
11.061,0,0.2
11.061,0,0.2
11.061,0,0.2
11.061,0,0.2
11.061,0,0.2
11.062,0,0.2
11.062,0,0.2
11.062,0,0.2
11.062,0,0.2
11.062,0,0.2
11.063,0,0.2
11.063,0,0.3
11.063,0,0.2
11.063,0,0.2
11.063,0,0.2
11.064,0,0.2
11.064,0,0.2
11.064,0,0.2
11.064,0,0.2
11.064,0,0.2
11.065,0,0.2
11.065,0,0.2
11.065,0,0.2
11.065,0,0.2
11.065,0,0.2
11.065,0,0.2
11.066,0,0.2
11.066,0,0.2
11.066,0,0.2
11.066,0,0.2
11.066,0,0.2
11.067,0,0.3
11.067,0,0.2
11.067,0,0.2
11.067,0,0.2
11.067,0,0.2
11.068,0,0.2
11.068,0,0.2
11.068,0,0.2
11.068,0,0.2
11.069,0,0.2
11.069,0,0.2
11.069,0,0.2
11.069,0,0.2
11.069,0,0.2
11.070,0,0.2
11.070,0,0.2
11.070,0,0.2
11.070,0,0.2
11.070,0,0.2
11.071,0,0.2
11.071,0,0.2
11.071,0,0.2
11.071,0,0.2
11.071,0,0.2
11.071,0,0.2
11.072,0,0.2
11.072,0,0.2
11.072,0,0.2
11.072,0,0.2
11.072,0,0.2
11.073,0,0.2
11.073,0,0.2
11.073,0,0.3
11.073,0,0.2
11.073,0,0.2
11.074,0,0.2
11.074,0,0.2
11.074,0,0.2
11.074,0,0.2
11.075,0,0.3
11.075,0,0.3
11.075,0,0.2
11.075,0,0.2
11.075,0,0.2
11.076,0,0.2
11.076,0,0.2
11.076,0,0.2
11.076,0,0.2
11.078,0,1.4
11.078,0,0.3
11.078,0,0.2
11.078,0,0.2
11.079,0,0.2
11.079,0,0.2
11.079,0,0.2
11.080,0,1.4
11.081,0,0.2
11.081,0,0.2
11.081,0,0.2
11.081,0,0.3
11.083,0,1.4
11.084,0,1.5
11.086,0,1.5
11.087,0,0.9
11.087,0,0.3
11.087,0,0.3
11.088,0,0.3
11.088,0,0.3
11.088,0,0.3
11.088,0,0.3
11.089,0,0.3
11.089,0,0.2
11.089,0,0.2
11.089,0,0.2
11.090,0,0.2
11.090,0,0.2
11.090,0,0.2
11.090,0,0.2
11.090,0,0.2
11.091,0,0.2
11.091,0,0.2
11.091,0,0.2
11.091,0,0.2
11.092,0,0.2
11.092,0,0.2
11.092,0,0.2
11.092,0,0.3
11.093,0,0.2
11.093,0,0.2
11.093,0,0.2
11.093,0,0.2
11.094,0,0.2
11.094,0,0.2
11.094,0,0.2
11.094,0,0.2
11.095,0,0.2
11.095,0,0.2
11.095,0,0.2
11.095,0,0.2
11.096,0,0.3
11.096,0,0.2
11.098,0,2.6
11.099,0,0.4
11.099,0,0.2
11.099,0,0.2
11.099,0,0.2
11.100,0,0.3
11.101,0,0.8
11.101,0,0.2
11.101,0,0.2
11.103,0,1.5
11.103,0,0.3
11.103,0,0.2
11.103,0,0.2
11.103,0,0.2
11.104,0,0.2
11.104,0,0.2
11.104,0,0.2
11.105,0,0.8
11.105,0,0.4
11.106,0,0.2
11.106,0,0.2
11.106,0,0.2
11.106,0,0.2
11.106,0,0.2
11.107,0,0.2
11.107,0,0.2
11.108,0,1.4
11.109,0,1.0
11.110,0,0.3
11.110,0,0.2
11.110,0,0.2
11.110,0,0.2
11.110,0,0.2
11.111,0,0.2
11.111,0,0.2
11.111,0,0.3
11.111,0,0.2
11.112,0,0.2
11.112,0,0.2
11.112,0,0.2
11.112,0,0.2
11.112,0,0.2
11.113,0,0.2
11.113,0,0.2
11.113,0,0.2
11.113,0,0.2
11.114,0,0.2
11.114,0,0.2
11.114,0,0.2
11.114,0,0.4
11.115,0,0.2
11.116,0,1.1
11.116,0,0.2
11.116,0,0.2
11.116,0,0.2
11.117,0,0.2
11.117,0,0.2
11.117,0,0.2
11.117,0,0.2
11.117,0,0.2
11.118,0,0.2
11.118,0,0.2
11.118,0,0.2
11.118,0,0.2
11.118,0,0.2
11.118,0,0.2
11.119,0,0.2
11.119,0,0.2
11.119,0,0.2
11.119,0,0.2
11.119,0,0.2
11.120,0,0.2
11.120,0,0.2
11.120,0,0.2
11.120,0,0.2
11.120,0,0.2
11.121,0,0.2
11.121,0,0.2
11.121,0,0.2
11.121,0,0.2
11.121,0,0.2
11.122,0,0.2
11.122,0,0.2
11.122,0,0.2
11.122,0,0.2
11.122,0,0.2
11.123,0,0.2
11.123,0,0.2
11.123,0,0.2
11.123,0,0.2
11.123,0,0.2
11.124,0,0.2
11.124,0,0.2
11.124,0,0.2
11.124,0,0.2
11.124,0,0.2
11.125,0,0.2
11.125,0,0.2
11.125,0,0.2
11.125,0,0.2
11.125,0,0.2
11.126,0,0.2
11.126,0,0.2
11.126,0,0.2
11.126,0,0.2
11.126,0,0.2
11.126,0,0.2
11.127,0,0.2
11.127,0,0.2
11.127,0,0.2
11.127,0,0.2
11.127,0,0.2
11.127,0,0.2
11.128,0,0.2
11.128,0,0.2
11.128,0,0.2
11.128,0,0.2
11.128,0,0.2
11.129,0,0.2
11.129,0,0.2
11.129,0,0.2
11.129,0,0.2
11.129,0,0.2
11.130,0,0.2
11.130,0,0.2
11.130,0,0.2
11.130,0,0.2
11.131,0,0.2
11.131,0,0.2
11.131,0,0.2
11.131,0,0.2
11.131,0,0.2
11.132,0,0.2
11.132,0,0.2
11.132,0,0.2
11.132,0,0.3
11.133,0,0.2
11.133,0,0.2
11.133,0,0.2
11.133,0,0.2
11.133,0,0.2
11.134,0,0.2
11.134,0,0.2
11.134,0,0.2
11.134,0,0.2
11.134,0,0.2
11.135,0,0.2
11.135,0,0.2
11.135,0,0.2
11.135,0,0.2
11.136,0,0.3
11.136,0,0.2
11.136,0,0.2
11.136,0,0.2
11.137,0,0.2
11.137,0,0.2
11.137,0,0.2
11.137,0,0.2
11.137,0,0.2
11.137,0,0.2
11.138,0,0.2
11.138,0,0.3
11.138,0,0.2
11.138,0,0.2
11.139,0,0.2
11.139,0,0.2
11.139,0,0.2
11.139,0,0.4
11.140,0,0.3
11.140,0,0.3
11.140,0,0.4
11.141,0,0.3
11.141,0,0.4
11.141,0,0.4
11.142,0,0.2
11.142,0,0.2
11.142,0,0.2
11.142,0,0.2
11.143,0,0.2
11.143,0,0.2
11.143,0,0.2
11.143,0,0.2
11.143,0,0.2
11.144,0,0.3
11.144,0,0.3
11.145,0,0.5
11.145,0,0.3
11.145,0,0.2
11.145,0,0.2
11.146,0,0.2
11.146,0,0.2
11.146,0,0.2
11.146,0,0.2
11.146,0,0.2
11.147,0,0.3
11.147,0,0.2
11.147,0,0.3
11.148,0,0.3
11.148,0,0.2
11.148,0,0.4
11.149,0,0.2
11.149,0,0.2
11.149,0,0.2
11.150,0,0.5
11.150,0,0.3
11.150,0,0.2
11.150,0,0.2
11.150,0,0.2
11.151,0,0.2
11.151,0,0.2
11.151,0,0.2
11.151,0,0.2
11.151,0,0.2
11.151,0,0.2
11.152,0,0.2
11.152,0,0.2
11.152,0,0.2
11.152,0,0.2
11.152,0,0.2
11.153,0,0.2
11.153,0,0.2
11.154,0,1.5
11.156,0,1.2
11.156,0,0.2
11.156,0,0.2
11.156,0,0.5
11.157,0,0.2
11.157,0,0.2
11.157,0,0.2
11.157,0,0.2
11.158,0,0.3
11.158,0,0.2
11.158,0,0.2
11.158,0,0.2
11.158,0,0.2
11.159,0,0.2
11.159,0,0.2
11.159,0,0.3
11.159,0,0.3
11.160,0,0.2
11.160,0,0.3
11.160,0,0.2
11.160,0,0.3
11.161,0,0.3
11.161,0,0.3
11.163,0,1.6
11.163,0,0.6
11.163,0,0.3
11.164,0,0.2
11.164,0,0.5
11.164,0,0.2
11.165,0,0.2
11.165,0,0.2
11.165,0,0.2
11.166,0,0.9
11.166,0,0.2
11.166,0,0.2
11.167,0,0.4
11.167,0,0.2
11.167,0,0.2
11.168,0,0.2
11.168,0,0.2
11.168,0,0.2
11.168,0,0.2
11.169,0,1.1
11.170,0,0.2
11.170,0,0.2
11.170,0,0.2
11.170,0,0.2
11.170,0,0.2
11.171,0,0.2
11.171,0,0.2
11.171,0,0.2
11.171,0,0.2
11.172,0,0.2
11.172,0,0.2
11.172,0,0.2
11.172,0,0.2
11.172,0,0.2
11.173,0,0.2
11.173,0,0.2
11.173,0,0.3
11.173,0,0.2
11.174,0,0.2
11.174,0,0.2
11.174,0,0.2
11.174,0,0.2
11.175,0,0.2
11.175,0,0.2
11.175,0,0.2
11.175,0,0.2
11.175,0,0.2
11.176,0,0.2
11.176,0,0.2
11.176,0,0.2
11.176,0,0.2
11.177,0,0.3
11.177,0,0.2
11.177,0,0.2
11.178,0,1.0
11.178,0,0.3
11.179,0,0.6
11.180,0,1.5
11.181,0,0.3
11.181,0,0.2
11.181,0,0.2
11.181,0,0.2
11.182,0,0.2
11.182,0,0.2
11.182,0,0.2
11.182,0,0.2
11.183,0,0.2
11.183,0,0.2
11.183,0,0.3
11.183,0,0.3
11.184,0,0.3
11.184,0,0.2
11.184,0,0.2
11.184,0,0.3
11.185,0,0.2
11.185,0,0.2
11.185,0,0.2
11.185,0,0.2
11.185,0,0.2
11.186,0,0.2
11.186,0,0.2
11.186,0,0.2
11.186,0,0.2
11.187,0,0.2
11.187,0,0.3
11.187,0,0.3
11.187,0,0.3
11.188,0,0.3
11.188,0,0.3
11.188,0,0.3
11.189,0,0.7
11.191,0,1.6
11.191,0,0.7
11.192,0,0.3
11.192,0,0.2
11.192,0,0.3
11.192,0,0.3
11.195,0,2.4
11.196,0,0.9
11.196,0,0.8
11.197,0,0.7
11.198,0,0.4
11.199,0,1.0
11.199,0,0.2
11.199,0,0.2
11.199,0,0.2
11.200,0,0.3
11.200,0,0.2
11.200,0,0.2
11.200,0,0.2
11.200,0,0.2
11.201,0,0.2
11.201,0,0.2
11.201,0,0.3
11.201,0,0.2
11.202,0,0.2
11.202,0,0.2
11.202,0,0.2
11.202,0,0.2
11.203,0,0.2
11.203,0,0.2
11.203,0,0.2
11.203,0,0.2
11.203,0,0.2
11.204,0,0.2
11.204,0,0.2
11.204,0,0.3
11.204,0,0.2
11.205,0,0.2
11.205,0,0.2
11.205,0,0.2
11.205,0,0.2
11.205,0,0.2
11.206,0,0.2
11.206,0,0.2
11.206,0,0.2
11.206,0,0.2
11.206,0,0.2
11.207,0,0.2
11.207,0,0.2
11.207,0,0.2
11.207,0,0.2
11.207,0,0.2
11.208,0,0.2
11.208,0,0.2
11.208,0,0.2
11.208,0,0.2
11.208,0,0.2
11.210,0,1.3
11.210,0,0.3
11.210,0,0.2
11.210,0,0.2
11.211,0,0.2
11.211,0,0.2
11.211,0,0.2
11.211,0,0.2
11.211,0,0.2
11.212,0,0.3
11.212,0,0.2
11.212,0,0.2
11.212,0,0.2
11.212,0,0.2
11.213,0,0.2
11.213,0,0.2
11.213,0,0.2
11.213,0,0.2
11.213,0,0.2
11.214,0,0.2
11.214,0,0.2
11.214,0,0.2
11.214,0,0.2
11.214,0,0.2
11.214,0,0.2
11.215,0,0.2
11.215,0,0.2
11.215,0,0.2
11.215,0,0.2
11.215,0,0.2
11.216,0,0.2
11.216,0,0.2
11.216,0,0.2
11.216,0,0.2
11.216,0,0.2
11.216,0,0.2
11.217,0,0.2
11.217,0,0.2
11.217,0,0.2
11.218,0,1.4
11.219,0,0.2
11.219,0,0.2
11.219,0,0.2
11.219,0,0.2
11.219,0,0.2
11.220,0,0.2
11.220,0,0.2
11.220,0,0.2
11.220,0,0.3
11.221,0,0.2
11.221,0,0.2
11.221,0,0.2
11.222,0,1.5
11.223,0,0.2
11.223,0,0.2
11.223,0,0.2
11.223,0,0.2
11.223,0,0.2
11.224,0,0.2
11.224,0,0.2
11.224,0,0.2
11.224,0,0.2
11.224,0,0.3
11.225,0,0.3
11.225,0,0.2
11.225,0,0.2
11.225,0,0.2
11.225,0,0.2
11.226,0,0.2
11.226,0,0.2
11.226,0,0.2
11.226,0,0.2
11.226,0,0.2
11.227,0,0.2
11.227,0,0.2
11.227,0,0.2
11.227,0,0.2
11.227,0,0.2
11.228,0,0.2
11.228,0,0.2
11.228,0,0.2
11.229,0,1.5
11.230,0,0.3
11.230,0,0.2
11.230,0,0.2
11.230,0,0.2
11.231,0,0.2
11.231,0,0.2
11.232,0,1.3
11.234,0,1.5
11.234,0,0.2
11.234,0,0.2
11.234,0,0.2
11.234,0,0.2
11.235,0,0.2
11.235,0,0.2
11.235,0,0.2
11.235,0,0.2
11.235,0,0.2
11.236,0,0.2
11.236,0,0.2
11.236,0,0.2
11.236,0,0.2
11.236,0,0.2
11.237,0,0.2
11.237,0,0.2
11.237,0,0.2
11.237,0,0.3
11.237,0,0.2
11.238,0,0.2
11.238,0,0.2
11.238,0,0.2
11.238,0,0.2
11.238,0,0.2
11.239,0,0.2
11.239,0,0.2
11.239,0,0.2
11.239,0,0.2
11.239,0,0.2
11.240,0,0.2
11.240,0,0.2
11.241,0,1.5
11.243,0,1.4
11.244,0,0.8
11.244,0,0.2
11.244,0,0.2
11.244,0,0.2
11.245,0,1.0
11.245,0,0.2
11.246,0,0.2
11.246,0,0.2
11.246,0,0.2
11.246,0,0.2
11.247,0,0.2
11.247,0,0.2
11.247,0,0.2
11.247,0,0.2
11.247,0,0.2
11.248,0,0.2
11.248,0,0.2
11.248,0,0.2
11.248,0,0.2
11.248,0,0.3
11.249,0,0.2
11.249,0,0.2
11.249,0,0.2
11.250,0,1.4
11.251,0,0.2
11.251,0,0.2
11.251,0,0.2
11.251,0,0.2
11.252,0,0.2
11.252,0,0.2
11.252,0,0.2
11.252,0,0.2
11.252,0,0.2
11.253,0,0.3
11.253,0,0.2
11.253,0,0.2
11.253,0,0.2
11.253,0,0.2
11.254,0,0.2
11.254,0,0.2
11.254,0,0.2
11.254,0,0.2
11.254,0,0.2
11.255,0,0.2
11.255,0,0.2
11.255,0,0.2
11.255,0,0.2
11.255,0,0.2
11.256,0,0.2
11.256,0,0.2
11.256,0,0.2
11.256,0,0.2
11.256,0,0.3
11.257,0,0.2
11.257,0,0.2
11.257,0,0.2
11.257,0,0.2
11.257,0,0.2
11.258,0,0.2
11.258,0,0.2
11.258,0,0.2
11.258,0,0.2
11.258,0,0.2
11.259,0,0.2
11.259,0,0.2
11.259,0,0.2
11.259,0,0.2
11.260,0,0.2
11.260,0,0.2
11.260,0,0.2
11.260,0,0.3
11.261,0,0.2
11.261,0,0.2
11.261,0,0.2
11.261,0,0.2
11.261,0,0.2
11.261,0,0.2
11.262,0,0.3
11.262,0,0.2
11.262,0,0.2
11.262,0,0.2
11.263,0,0.2
11.263,0,0.2
11.263,0,0.2
11.263,0,0.2
11.263,0,0.2
11.263,0,0.2
11.264,0,0.2
11.264,0,0.3
11.264,0,0.2
11.264,0,0.2
11.265,0,0.2
11.265,0,0.2
11.265,0,0.2
11.265,0,0.3
11.265,0,0.2
11.266,0,0.2
11.266,0,0.2
11.266,0,0.2
11.266,0,0.2
11.266,0,0.2
11.267,0,0.2
11.267,0,0.2
11.267,0,0.2
11.267,0,0.2
11.268,0,0.2
11.268,0,0.2
11.268,0,0.2
11.268,0,0.2
11.268,0,0.2
11.269,0,0.2
11.269,0,0.2
11.269,0,0.2
11.269,0,0.2
11.269,0,0.2
11.270,0,0.2
11.270,0,0.2
11.270,0,0.2
11.270,0,0.2
11.270,0,0.2
11.271,0,0.2
11.271,0,0.2
11.271,0,0.2
11.271,0,0.2
11.271,0,0.2
11.272,0,0.2
11.272,0,0.2
11.272,0,0.2
11.272,0,0.2
11.272,0,0.2
11.273,0,0.2
11.273,0,0.2
11.273,0,0.2
11.273,0,0.2
11.273,0,0.2
11.274,0,0.2
11.274,0,0.2
11.274,0,0.2
11.274,0,0.2
11.274,0,0.2
11.275,0,0.2
11.275,0,0.2
11.275,0,0.2
11.275,0,0.2
11.275,0,0.3
11.276,0,0.2
11.276,0,0.2
11.276,0,0.2
11.276,0,0.2
11.276,0,0.2
11.277,0,0.2
11.277,0,0.2
11.277,0,0.2
11.277,0,0.2
11.279,0,1.5
11.279,0,0.2
11.279,0,0.2
11.279,0,0.2
11.279,0,0.2
11.280,0,0.2
11.280,0,0.2
11.280,0,0.2
11.280,0,0.2
11.280,0,0.3
11.281,0,0.2
11.281,0,0.2
11.281,0,0.2
11.281,0,0.2
11.281,0,0.2
11.282,0,0.2
11.282,0,0.2
11.282,0,0.3
11.282,0,0.2
11.283,0,0.2
11.283,0,0.2
11.283,0,0.2
11.283,0,0.2
11.283,0,0.2
11.284,0,0.2
11.284,0,0.2
11.284,0,0.3
11.284,0,0.3
11.285,0,0.2
11.285,0,0.2
11.285,0,0.2
11.285,0,0.2
11.285,0,0.2
11.286,0,0.2
11.286,0,0.3
11.286,0,0.3
11.287,0,0.5
11.287,0,0.3
11.287,0,0.2
11.287,0,0.2
11.288,0,0.2
11.288,0,0.2
11.288,0,0.2
11.288,0,0.3
11.288,0,0.2
11.289,0,0.2
11.289,0,0.2
11.289,0,0.2
11.290,0,1.2
11.291,0,0.4
11.291,0,0.2
11.291,0,0.2
11.291,0,0.3
11.292,0,0.3
11.292,0,0.2
11.292,0,0.2
11.292,0,0.2
11.293,0,0.2
11.293,0,0.3
11.293,0,0.2
11.293,0,0.2
11.293,0,0.2
11.294,0,0.2
11.294,0,0.2
11.294,0,0.2
11.294,0,0.2
11.294,0,0.2
11.295,0,0.3
11.295,0,0.2
11.295,0,0.2
11.295,0,0.2
11.296,0,0.2
11.296,0,0.2
11.296,0,0.2
11.296,0,0.2
11.296,0,0.2
11.297,0,0.2
11.297,0,0.2
11.297,0,0.2
11.297,0,0.2
11.297,0,0.2
11.298,0,0.2
11.298,0,0.2
11.298,0,0.2
11.298,0,0.2
11.298,0,0.2
11.299,0,0.2
11.299,0,0.2
11.299,0,0.2
11.299,0,0.4
11.300,0,0.3
11.301,0,1.6
11.301,0,0.3
11.302,0,0.3
11.302,0,0.3
11.302,0,0.3
11.303,0,0.3
11.303,0,0.3
11.303,0,0.2
11.303,0,0.3
11.304,0,0.3
11.304,0,0.2
11.304,0,0.2
11.304,0,0.3
11.306,0,1.1
11.306,0,0.2
11.306,0,0.2
11.306,0,0.2
11.306,0,0.2
11.307,0,0.2
11.307,0,0.2
11.307,0,0.2
11.307,0,0.2
11.307,0,0.2
11.308,0,0.2
11.308,0,0.2
11.308,0,0.2
11.308,0,0.2
11.308,0,0.3
11.309,0,0.2
11.309,0,0.2
11.309,0,0.2
11.309,0,0.2
11.309,0,0.2
11.309,0,0.2
11.310,0,0.2
11.310,0,0.2
11.310,0,0.2
11.310,0,0.2
11.311,0,0.3
11.311,0,0.2
11.311,0,0.2
11.311,0,0.2
11.311,0,0.2
11.312,0,0.2
11.312,0,0.2
11.312,0,0.2
11.312,0,0.2
11.313,0,0.2
11.313,0,0.2
11.313,0,0.3
11.313,0,0.3
11.314,0,0.2
11.314,0,0.2
11.314,0,0.2
11.314,0,0.2
11.314,0,0.2
11.315,0,0.2
11.315,0,0.2
11.315,0,0.2
11.315,0,0.2
11.315,0,0.2
11.316,0,0.2
11.316,0,0.2
11.316,0,0.2
11.316,0,0.3
11.317,0,0.2
11.317,0,0.2
11.317,0,0.2
11.317,0,0.2
11.317,0,0.2
11.318,0,0.2
11.318,0,0.2
11.318,0,0.2
11.318,0,0.2
11.318,0,0.2
11.319,0,0.2
11.319,0,0.2
11.320,0,1.4
11.322,0,1.2
11.322,0,0.3
11.322,0,0.2
11.322,0,0.2
11.322,0,0.3
11.323,0,0.2
11.323,0,0.3
11.324,0,1.5
11.325,0,0.2
11.325,0,0.2
11.325,0,0.2
11.325,0,0.4
11.326,0,0.3
11.326,0,0.2
11.328,0,2.3
11.329,0,0.4
11.329,0,0.2
11.329,0,0.3
11.329,0,0.2
11.330,0,0.2
11.330,0,0.2
11.330,0,0.2
11.330,0,0.2
11.330,0,0.2
11.331,0,0.2
11.331,0,0.2
11.331,0,0.2
11.331,0,0.2
11.332,0,0.2
11.332,0,0.2
11.332,0,0.2
11.332,0,0.2
11.332,0,0.3
11.333,0,0.2
11.333,0,0.2
11.333,0,0.3
11.333,0,0.2
11.334,0,0.2
11.334,0,0.2
11.334,0,0.2
11.334,0,0.2
11.334,0,0.2
11.335,0,0.2
11.335,0,0.2
11.335,0,0.2
11.335,0,0.2
11.335,0,0.2
11.336,0,0.2
11.336,0,0.2
11.336,0,0.2
11.336,0,0.3
11.337,0,0.2
11.337,0,0.2
11.337,0,0.2
11.337,0,0.2
11.337,0,0.2
11.338,0,0.2
11.338,0,0.2
11.338,0,0.2
11.338,0,0.2
11.338,0,0.2
11.339,0,0.2
11.339,0,0.2
11.339,0,0.2
11.339,0,0.2
11.341,0,1.4
11.341,0,0.3
11.341,0,0.2
11.341,0,0.2
11.341,0,0.2
11.342,0,0.2
11.342,0,0.2
11.342,0,0.2
11.342,0,0.2
11.342,0,0.2
11.342,0,0.2
11.343,0,0.2
11.343,0,0.2
11.343,0,0.2
11.343,0,0.2
11.343,0,0.2
11.343,0,0.2
11.344,0,0.2
11.344,0,0.2
11.344,0,0.2
11.344,0,0.2
11.344,0,0.2
11.344,0,0.2
11.345,0,0.2
11.345,0,0.2
11.345,0,0.2
11.345,0,0.2
11.345,0,0.2
11.345,0,0.3
11.346,0,0.2
11.346,0,0.2
11.346,0,0.2
11.346,0,0.2
11.346,0,0.2
11.347,0,0.2
11.347,0,0.2
11.347,0,0.2
11.347,0,0.2
11.347,0,0.2
11.348,0,0.2
11.348,0,0.2
11.348,0,0.2
11.348,0,0.2
11.350,0,1.4
11.350,0,0.3
11.350,0,0.2
11.350,0,0.2
11.350,0,0.2
11.350,0,0.2
11.351,0,0.2
11.351,0,0.2
11.351,0,0.2
11.351,0,0.2
11.351,0,0.2
11.353,0,1.4
11.353,0,0.2
11.353,0,0.2
11.354,0,0.6
11.354,0,0.2
11.354,0,0.2
11.357,0,2.6
11.358,0,1.2
11.358,0,0.3
11.358,0,0.2
11.359,0,0.2
11.359,0,0.2
11.359,0,0.2
11.359,0,0.2
11.359,0,0.2
11.360,0,0.3
11.360,0,0.3
11.360,0,0.3
11.361,0,1.1
11.362,0,0.3
11.362,0,0.3
11.362,0,0.2
11.362,0,0.3
11.363,0,0.2
11.363,0,0.2
11.363,0,0.2
11.363,0,0.2
11.364,0,0.2
11.364,0,0.2
11.364,0,0.2
11.364,0,0.2
11.365,0,1.2
11.366,0,0.3
11.366,0,0.2
11.366,0,0.2
11.366,0,0.2
11.367,0,0.2
11.367,0,0.2
11.367,0,0.2
11.367,0,0.2
11.367,0,0.2
11.369,0,1.5
11.369,0,0.2
11.369,0,0.2
11.370,0,0.2
11.370,0,0.2
11.370,0,0.2
11.370,0,0.2
11.370,0,0.2
11.371,0,0.2
11.371,0,0.2
11.371,0,0.2
11.371,0,0.2
11.371,0,0.2
11.371,0,0.2
11.372,0,0.3
11.372,0,0.2
11.372,0,0.2
11.372,0,0.2
11.373,0,0.7
11.373,0,0.2
11.373,0,0.2
11.374,0,0.2
11.374,0,0.2
11.374,0,0.2
11.374,0,0.2
11.374,0,0.2
11.374,0,0.2
11.375,0,0.2
11.375,0,0.2
11.375,0,0.2
11.375,0,0.2
11.377,0,1.4
11.378,0,1.0
11.380,0,2.0
11.381,0,1.3
11.382,0,0.5
11.382,0,0.2
11.382,0,0.2
11.382,0,0.2
11.382,0,0.2
11.383,0,0.2
11.383,0,0.2
11.383,0,0.2
11.383,0,0.2
11.383,0,0.2
11.385,0,1.6
11.385,0,0.2
11.387,0,1.4
11.388,0,1.5
11.390,0,1.4
11.390,0,0.2
11.390,0,0.2
11.390,0,0.2
11.390,0,0.2
11.391,0,0.2
11.391,0,0.2
11.391,0,0.2
11.391,0,0.2
11.391,0,0.2
11.392,0,0.2
11.392,0,0.2
11.392,0,0.2
11.392,0,0.2
11.392,0,0.2
11.392,0,0.2
11.393,0,0.1
11.393,0,0.1
11.393,0,0.1
11.393,0,0.2
11.393,0,0.2
11.393,0,0.2
11.393,0,0.2
11.394,0,0.1
11.394,0,0.1
11.394,0,0.1
11.394,0,0.2
11.394,0,0.2
11.394,0,0.2
11.395,0,0.2
11.395,0,0.2
11.395,0,0.2
11.395,0,0.2
11.395,0,0.2
11.395,0,0.2
11.396,0,0.2
11.396,0,0.2
11.396,0,0.2
11.396,0,0.2
11.396,0,0.2
11.396,0,0.2
11.397,0,0.2
11.397,0,0.2
11.397,0,0.3
11.397,0,0.3
11.398,0,0.3
11.398,0,0.2
11.398,0,0.2
11.398,0,0.2
11.399,0,0.2
11.399,0,0.2
11.399,0,0.2
11.399,0,0.2
11.399,0,0.2
11.399,0,0.2
11.400,0,0.2
11.400,0,0.2
11.400,0,0.2
11.400,0,0.2
11.400,0,0.2
11.401,0,0.3
11.401,0,0.2
11.401,0,0.2
11.401,0,0.2
11.402,0,0.2
11.402,0,0.2
11.402,0,0.2
11.402,0,0.3
11.402,0,0.3
11.403,0,0.3
11.403,0,0.2
11.403,0,0.2
11.403,0,0.2
11.404,0,0.2
11.404,0,0.2
11.404,0,0.2
11.404,0,0.2
11.404,0,0.2
11.405,0,0.2
11.405,0,0.2
11.405,0,0.2
11.405,0,0.2
11.405,0,0.2
11.406,0,0.2
11.406,0,0.2
11.406,0,0.2
11.406,0,0.2
11.406,0,0.2
11.407,0,0.2
11.407,0,0.2
11.407,0,0.3
11.407,0,0.3
11.408,0,0.3
11.408,0,0.3
11.408,0,0.3
11.408,0,0.2
11.409,0,0.2
11.409,0,0.2
11.409,0,0.2
11.409,0,0.2
11.409,0,0.2
11.410,0,0.2
11.410,0,0.2
11.410,0,0.2
11.410,0,0.2
11.410,0,0.2
11.410,0,0.2
11.411,0,0.1
11.411,0,0.1
11.411,0,0.1
11.411,0,0.1
11.411,0,0.1
11.411,0,0.2
11.411,0,0.1
11.412,0,0.1
11.412,0,0.1
11.412,0,0.1
11.412,0,0.1
11.412,0,0.1
11.412,0,0.2
11.412,0,0.1
11.413,0,0.1
11.413,0,0.1
11.413,0,0.1
11.413,0,0.1
11.413,0,0.2
11.413,0,0.2
11.414,0,0.1
11.414,0,0.1
11.414,0,0.1
11.414,0,0.1
11.414,0,0.1
11.414,0,0.1
11.414,0,0.2
11.414,0,0.1
11.415,0,0.1
11.415,0,0.1
11.415,0,0.1
11.415,0,0.1
11.415,0,0.1
11.415,0,0.1
11.415,0,0.1
11.416,0,0.1
11.416,0,0.1
11.416,0,0.1
11.416,0,0.1
11.416,0,0.1
11.416,0,0.2
11.416,0,0.1
11.417,0,0.1
11.417,0,0.1
11.417,0,0.1
11.417,0,0.1
11.417,0,0.1
11.417,0,0.1
11.417,0,0.1
11.418,0,0.1
11.418,0,0.1
11.418,0,0.1
11.418,0,0.1
11.420,0,1.5
11.420,0,0.2
11.420,0,0.2
11.420,0,0.2
11.420,0,0.2
11.420,0,0.2
11.421,0,0.1
11.421,0,0.1
11.421,0,0.1
11.421,0,0.2
11.421,0,0.2
11.421,0,0.2
11.422,0,0.2
11.422,0,0.2
11.422,0,0.2
11.422,0,0.3
11.423,0,0.2
11.423,0,0.3
11.423,0,0.4
11.423,0,0.2
11.424,0,0.2
11.424,0,0.2
11.424,0,0.2
11.424,0,0.2
11.424,0,0.2
11.426,0,1.3
11.426,0,0.3
11.426,0,0.2
11.427,0,0.3
11.427,0,0.2
11.427,0,0.2
11.427,0,0.2
11.427,0,0.3
11.428,0,0.2
11.428,0,0.2
11.428,0,0.2
11.428,0,0.3
11.430,0,1.2
11.430,0,0.3
11.430,0,0.3
11.430,0,0.4
11.431,0,0.4
11.431,0,0.4
11.432,0,1.2
11.433,0,0.3
11.433,0,0.2
11.433,0,0.2
11.433,0,0.2
11.434,0,0.2
11.434,0,0.2
11.434,0,0.2
11.434,0,0.3
11.436,0,1.5
11.438,0,1.6
11.438,0,0.9
11.439,0,0.3
11.440,0,0.8
11.440,0,0.3
11.440,0,0.2
11.440,0,0.2
11.440,0,0.3
11.441,0,0.2
11.441,0,0.2
11.441,0,0.2
11.441,0,0.2
11.441,0,0.2
11.442,0,0.3
11.442,0,0.2
11.442,0,0.2
11.442,0,0.2
11.443,0,0.2
11.443,0,0.2
11.443,0,0.2
11.443,0,0.2
11.444,0,0.2
11.444,0,0.2
11.444,0,0.2
11.444,0,0.3
11.445,0,0.2
11.445,0,0.2
11.445,0,0.2
11.445,0,0.2
11.446,0,0.3
11.446,0,0.3
11.446,0,0.3
11.446,0,0.2
11.447,0,0.2
11.447,0,0.2
11.447,0,0.2
11.447,0,0.2
11.447,0,0.2
11.448,0,0.2
11.448,0,0.2
11.448,0,0.2
11.448,0,0.3
11.449,0,0.3
11.449,0,0.2
11.449,0,0.2
11.450,0,1.5
11.452,0,1.6
11.453,0,1.4
11.454,0,0.3
11.454,0,0.2
11.456,0,1.5
11.456,0,0.2
11.456,0,0.2
11.456,0,0.2
11.456,0,0.2
11.456,0,0.2
11.457,0,0.2
11.457,0,0.2
11.457,0,0.4
11.458,0,0.2
11.458,0,0.2
11.458,0,0.2
11.458,0,0.2
11.458,0,0.3
11.459,0,0.2
11.459,0,0.2
11.459,0,0.2
11.459,0,0.3
11.460,0,0.3
11.460,0,0.3
11.460,0,0.3
11.461,0,0.3
11.461,0,0.3
11.461,0,0.3
11.461,0,0.2
11.462,0,0.2
11.462,0,0.2
11.462,0,0.2
11.462,0,0.2
11.463,0,0.2
11.463,0,0.2
11.463,0,0.2
11.463,0,0.2
11.463,0,0.2
11.463,0,0.2
11.464,0,0.2
11.464,0,0.2
11.464,0,0.2
11.464,0,0.2
11.464,0,0.2
11.465,0,0.2
11.465,0,0.2
11.465,0,0.2
11.465,0,0.2
11.466,0,0.2
11.466,0,0.2
11.466,0,0.2
11.466,0,0.2
11.466,0,0.2
11.466,0,0.2
11.467,0,0.2
11.467,0,0.2
11.467,0,0.2
11.467,0,0.2
11.467,0,0.2
11.468,0,0.2
11.468,0,0.2
11.468,0,0.2
11.468,0,0.2
11.468,0,0.2
11.469,0,0.2
11.469,0,0.2
11.469,0,0.2
11.469,0,0.2
11.469,0,0.2
11.469,0,0.2
11.470,0,0.2
11.470,0,0.2
11.470,0,0.2
11.470,0,0.2
11.470,0,0.2
11.471,0,0.2
11.471,0,0.2
11.471,0,0.2
11.471,0,0.2
11.471,0,0.2
11.472,0,0.2
11.472,0,0.2
11.472,0,0.2
11.472,0,0.2
11.472,0,0.2
11.473,0,0.2
11.473,0,0.2
11.473,0,0.2
11.473,0,0.2
11.473,0,0.2
11.473,0,0.2
11.474,0,0.2
11.474,0,0.2
11.474,0,0.2
11.474,0,0.2
11.474,0,0.2
11.475,0,0.2
11.475,0,0.2
11.475,0,0.2
11.475,0,0.2
11.475,0,0.2
11.475,0,0.2
11.476,0,0.2
11.476,0,0.2
11.476,0,0.2
11.476,0,0.2
11.476,0,0.2
11.477,0,0.2
11.477,0,0.2
11.477,0,0.2
11.477,0,0.2
11.477,0,0.2
11.478,0,0.2
11.478,0,0.2
11.478,0,0.2
11.478,0,0.2
11.478,0,0.2
11.479,0,0.4
11.479,0,0.2
11.481,0,1.5
11.481,0,0.3
11.481,0,0.2
11.481,0,0.2
11.482,0,0.2
11.482,0,0.3
11.482,0,0.2
11.482,0,0.2
11.483,0,0.2
11.483,0,0.2
11.483,0,0.2
11.483,0,0.2
11.483,0,0.2
11.484,0,0.2
11.484,0,0.2
11.484,0,0.2
11.484,0,0.2
11.484,0,0.3
11.485,0,0.2
11.485,0,0.2
11.485,0,0.2
11.485,0,0.2
11.485,0,0.2
11.486,0,0.2
11.486,0,0.2
11.486,0,0.2
11.486,0,0.2
11.486,0,0.2
11.487,0,0.2
11.487,0,0.2
11.487,0,0.2
11.487,0,0.2
11.487,0,0.2
11.487,0,0.2
11.488,0,0.2
11.488,0,0.2
11.488,0,0.2
11.488,0,0.2
11.488,0,0.2
11.489,0,0.2
11.489,0,0.2
11.489,0,0.2
11.489,0,0.2
11.489,0,0.2
11.490,0,0.2
11.490,0,0.2
11.490,0,0.2
11.490,0,0.2
11.490,0,0.2
11.491,0,0.2
11.491,0,0.2
11.491,0,0.2
11.491,0,0.2
11.491,0,0.2
11.492,0,0.2
11.492,0,0.2
11.492,0,0.2
11.492,0,0.2
11.492,0,0.3
11.493,0,0.2
11.493,0,0.2
11.493,0,0.2
11.493,0,0.2
11.493,0,0.2
11.494,0,0.2
11.494,0,0.2
11.494,0,0.2
11.494,0,0.2
11.494,0,0.2
11.495,0,0.2
11.495,0,0.2
11.495,0,0.2
11.495,0,0.2
11.495,0,0.3
11.496,0,0.2
11.496,0,0.2
11.496,0,0.2
11.496,0,0.2
11.496,0,0.2
11.496,0,0.2
11.497,0,0.2
11.497,0,0.2
11.497,0,0.2
11.497,0,0.2
11.497,0,0.2
11.498,0,0.2
11.498,0,0.2
11.498,0,0.2
11.498,0,0.2
11.498,0,0.2
11.498,0,0.2
11.499,0,0.2
11.499,0,0.2
11.499,0,0.2
11.499,0,0.2
11.499,0,0.2
11.499,0,0.2
11.500,0,0.2
11.500,0,0.2
11.500,0,0.2
11.500,0,0.2
11.500,0,0.2
11.501,0,0.2
11.501,0,0.2
11.501,0,0.2
11.501,0,0.2
11.501,0,0.2
11.501,0,0.2
11.502,0,0.2
11.502,0,0.2
11.502,0,0.2
11.502,0,0.2
11.502,0,0.2
11.503,0,0.2
11.503,0,0.2
11.503,0,0.2
11.503,0,0.2
11.504,0,0.3
11.504,0,0.2
11.504,0,0.2
11.504,0,0.2
11.504,0,0.2
11.505,0,0.2
11.505,0,0.2
11.505,0,0.2
11.505,0,0.3
11.505,0,0.2
11.506,0,0.2
11.506,0,0.2
11.506,0,0.2
11.506,0,0.2
11.506,0,0.2
11.507,0,0.2
11.507,0,0.2
11.507,0,0.2
11.507,0,0.2
11.507,0,0.3
11.512,0,4.1
11.512,0,0.3
11.512,0,0.2
11.512,0,0.2
11.513,0,0.2
11.513,0,0.2
11.513,0,0.2
11.513,0,0.2
11.513,0,0.2
11.514,0,0.2
11.514,0,0.2
11.514,0,0.2
11.514,0,0.2
11.514,0,0.2
11.515,0,0.2
11.515,0,0.2
11.515,0,0.2
11.515,0,0.2
11.515,0,0.2
11.516,0,0.2
11.516,0,0.2
11.516,0,0.2
11.516,0,0.2
11.516,0,0.2
11.517,0,0.2
11.517,0,0.2
11.517,0,0.2
11.517,0,0.2
11.517,0,0.2
11.518,0,0.2
11.518,0,0.2
11.518,0,0.2
11.518,0,0.2
11.518,0,0.2
11.519,0,0.2
11.519,0,0.2
11.519,0,0.2
11.519,0,0.2
11.519,0,0.2
11.520,0,0.2
11.520,0,0.2
11.520,0,0.2
11.520,0,0.2
11.520,0,0.2
11.521,0,0.2
11.521,0,0.2
11.521,0,0.2
11.521,0,0.2
11.521,0,0.2
11.522,0,0.2
11.522,0,0.2
11.522,0,0.2
11.522,0,0.2
11.523,0,0.2
11.523,0,0.2
11.523,0,0.2
11.523,0,0.2
11.523,0,0.2
11.524,0,0.2
11.524,0,0.2
11.524,0,0.2
11.524,0,0.2
11.524,0,0.2
11.525,0,0.2
11.525,0,0.2
11.525,0,0.2
11.525,0,0.2
11.525,0,0.2
11.526,0,0.2
11.526,0,0.2
11.526,0,0.2
11.526,0,0.2
11.526,0,0.2
11.526,0,0.2
11.527,0,0.2
11.527,0,0.2
11.527,0,0.2
11.527,0,0.2
11.527,0,0.2
11.528,0,0.2
11.528,0,0.2
11.528,0,0.2
11.528,0,0.3
11.529,0,0.2
11.529,0,0.2
11.529,0,0.2
11.529,0,0.2
11.529,0,0.2
11.529,0,0.2
11.530,0,0.2
11.530,0,0.2
11.530,0,0.2
11.530,0,0.2
11.531,0,0.2
11.531,0,0.2
11.531,0,0.2
11.531,0,0.3
11.532,0,1.0
11.533,0,0.3
11.533,0,0.2
11.533,0,0.2
11.533,0,0.2
11.533,0,0.2
11.534,0,0.2
11.534,0,0.2
11.534,0,0.2
11.534,0,0.2
11.535,0,0.2
11.535,0,0.2
11.535,0,0.2
11.535,0,0.2
11.536,0,0.2
11.536,0,0.2
11.536,0,0.2
11.536,0,0.2
11.536,0,0.2
11.537,0,0.2
11.537,0,0.2
11.537,0,0.2
11.537,0,0.2
11.538,0,0.2
11.538,0,0.2
11.538,0,0.2
11.538,0,0.2
11.538,0,0.2
11.539,0,0.2
11.539,0,0.2
11.539,0,0.2
11.539,0,0.2
11.540,0,0.2
11.540,0,0.2
11.540,0,0.2
11.540,0,0.4
11.541,0,0.2
11.541,0,0.2
11.541,0,0.2
11.541,0,0.2
11.542,0,0.2
11.542,0,0.2
11.542,0,0.2
11.542,0,0.2
11.542,0,0.2
11.543,0,0.2
11.543,0,0.2
11.543,0,0.2
11.543,0,0.2
11.543,0,0.2
11.544,0,0.2
11.544,0,0.2
11.544,0,0.2
11.544,0,0.2
11.544,0,0.2
11.545,0,0.2
11.545,0,0.2
11.545,0,0.3
11.545,0,0.2
11.545,0,0.2
11.546,0,0.2
11.546,0,0.2
11.546,0,0.2
11.546,0,0.2
11.546,0,0.2
11.547,0,0.2
11.547,0,0.2
11.547,0,0.2
11.547,0,0.2
11.547,0,0.2
11.548,0,0.2
11.548,0,0.2
11.548,0,0.2
11.548,0,0.2
11.548,0,0.2
11.549,0,0.2
11.549,0,0.2
11.549,0,0.2
11.549,0,0.2
11.549,0,0.2
11.550,0,0.2
11.550,0,0.2
11.550,0,0.2
11.550,0,0.2
11.550,0,0.2
11.550,0,0.2
11.551,0,0.2
11.551,0,0.2
11.551,0,0.2
11.551,0,0.3
11.551,0,0.2
11.552,0,0.2
11.552,0,0.2
11.552,0,0.2
11.552,0,0.2
11.553,0,0.2
11.553,0,0.2
11.553,0,0.2
11.553,0,0.4
11.554,0,0.2
11.554,0,0.2
11.554,0,0.2
11.554,0,0.2
11.554,0,0.2
11.554,0,0.2
11.555,0,0.2
11.555,0,0.2
11.555,0,0.2
11.555,0,0.2
11.555,0,0.2
11.556,0,0.2
11.556,0,0.2
11.556,0,0.2
11.556,0,0.2
11.556,0,0.2
11.557,0,0.2
11.557,0,0.2
11.557,0,0.2
11.557,0,0.2
11.557,0,0.2
11.558,0,0.2
11.558,0,0.2
11.558,0,0.2
11.558,0,0.2
11.558,0,0.2
11.559,0,0.2
11.559,0,0.2
11.559,0,0.2
11.559,0,0.2
11.559,0,0.2
11.559,0,0.2
11.560,0,0.2
11.560,0,0.2
11.560,0,0.2
11.560,0,0.2
11.560,0,0.2
11.561,0,0.2
11.561,0,0.2
11.561,0,0.2
11.561,0,0.2
11.561,0,0.2
11.562,0,0.2
11.562,0,0.2
11.562,0,0.2
11.562,0,0.2
11.562,0,0.2
11.563,0,0.2
11.563,0,0.2
11.563,0,0.2
11.563,0,0.2
11.564,0,0.2
11.564,0,0.2
11.564,0,0.2
11.564,0,0.2
11.564,0,0.2
11.565,0,0.2
11.565,0,0.2
11.565,0,0.2
11.565,0,0.2
11.565,0,0.2
11.566,0,0.2
11.566,0,0.2
11.566,0,0.2
11.566,0,0.2
11.566,0,0.2
11.566,0,0.2
11.567,0,0.2
11.567,0,0.2
11.567,0,0.2
11.567,0,0.2
11.567,0,0.2
11.568,0,0.2
11.568,0,0.2
11.568,0,0.2
11.568,0,0.2
11.569,0,0.2
11.569,0,0.2
11.569,0,0.2
11.569,0,0.2
11.569,0,0.2
11.570,0,0.2
11.570,0,0.2
11.570,0,0.2
11.570,0,0.2
11.570,0,0.2
11.571,0,0.2
11.571,0,0.2
11.571,0,0.2
11.571,0,0.2
11.571,0,0.2
11.572,0,0.2
11.572,0,0.2
11.572,0,0.2
11.572,0,0.2
11.572,0,0.2
11.573,0,0.2
11.573,0,0.2
11.573,0,0.2
11.573,0,0.2
11.574,0,0.2
11.574,0,0.2
11.574,0,0.2
11.574,0,0.2
11.574,0,0.2
11.575,0,0.2
11.575,0,0.2
11.575,0,0.2
11.575,0,0.2
11.575,0,0.2
11.576,0,0.2
11.576,0,0.2
11.576,0,0.2
11.576,0,0.2
11.576,0,0.2
11.577,0,0.2
11.577,0,0.2
11.577,0,0.2
11.577,0,0.2
11.577,0,0.2
11.578,0,0.2
11.578,0,0.2
11.578,0,0.2
11.578,0,0.2
11.578,0,0.3
11.579,0,0.2
11.579,0,0.2
11.579,0,0.2
11.579,0,0.2
11.579,0,0.2
11.580,0,0.2
11.580,0,0.2
11.580,0,0.2
11.580,0,0.2
11.580,0,0.2
11.581,0,0.2
11.581,0,0.2
11.581,0,0.2
11.581,0,0.2
11.581,0,0.2
11.582,0,0.3
11.582,0,0.2
11.582,0,0.2
11.582,0,0.2
11.583,0,0.2
11.583,0,0.2
11.583,0,0.2
11.583,0,0.2
11.583,0,0.2
11.584,0,0.2
11.584,0,0.2
11.584,0,0.2
11.584,0,0.2
11.584,0,0.2
11.584,0,0.2
11.585,0,0.2
11.585,0,0.2
11.585,0,0.2
11.585,0,0.2
11.585,0,0.2
11.586,0,0.2
11.586,0,0.2
11.586,0,0.2
11.586,0,0.2
11.586,0,0.2
11.587,0,0.2
11.587,0,0.2
11.587,0,0.2
11.587,0,0.2
11.587,0,0.2
11.588,0,0.2
11.588,0,0.2
11.588,0,0.2
11.588,0,0.2
11.588,0,0.2
11.589,0,0.2
11.589,0,0.2
11.589,0,0.2
11.589,0,0.2
11.589,0,0.2
11.590,0,0.2
11.590,0,0.2
11.590,0,0.2
11.590,0,0.2
11.590,0,0.2
11.591,0,0.2
11.591,0,0.2
11.591,0,0.2
11.591,0,0.2
11.591,0,0.2
11.592,0,0.2
11.592,0,0.2
11.592,0,0.2
11.592,0,0.2
11.593,0,0.2
11.593,0,0.2
11.593,0,0.2
11.593,0,0.2
11.593,0,0.3
11.594,0,0.2
11.594,0,0.2
11.594,0,0.2
11.594,0,0.2
11.594,0,0.2
11.595,0,0.2
11.595,0,0.2
11.595,0,0.2
11.595,0,0.2
11.595,0,0.2
11.596,0,0.2
11.596,0,0.2
11.596,0,0.2
11.596,0,0.2
11.596,0,0.3
11.597,0,0.2
11.597,0,0.2
11.597,0,0.2
11.597,0,0.2
11.597,0,0.2
11.598,0,0.2
11.598,0,0.2
11.598,0,0.2
11.598,0,0.2
11.598,0,0.2
11.598,0,0.2
11.599,0,0.2
11.599,0,0.2
11.599,0,0.2
11.599,0,0.2
11.599,0,0.2
11.600,0,0.2
11.600,0,0.2
11.600,0,0.2
11.600,0,0.2
11.600,0,0.2
11.601,0,0.2
11.601,0,0.2
11.601,0,0.2
11.601,0,0.2
11.601,0,0.2
11.602,0,0.2
11.602,0,0.2
11.602,0,0.2
11.602,0,0.2
11.602,0,0.2
11.603,0,0.2
11.603,0,0.2
11.603,0,0.2
11.603,0,0.2
11.603,0,0.2
11.604,0,0.2
11.604,0,0.2
11.604,0,0.2
11.604,0,0.3
11.605,0,0.2
11.605,0,0.2
11.605,0,0.2
11.605,0,0.2
11.606,0,0.2
11.606,0,0.2
11.606,0,0.2
11.606,0,0.2
11.606,0,0.2
11.607,0,0.2
11.607,0,0.2
11.607,0,0.2
11.608,0,1.0
11.608,0,0.2
11.608,0,0.2
11.609,0,0.2
11.609,0,0.2
11.609,0,0.2
11.609,0,0.2
11.609,0,0.2
11.610,0,0.2
11.610,0,0.2
11.610,0,0.2
11.610,0,0.2
11.611,0,0.2
11.611,0,0.2
11.611,0,0.2
11.611,0,0.2
11.611,0,0.2
11.612,0,0.2
11.612,0,0.3
11.612,0,0.2
11.612,0,0.2
11.612,0,0.2
11.613,0,0.2
11.613,0,0.2
11.613,0,0.2
11.613,0,0.2
11.613,0,0.2
11.614,0,0.2
11.614,0,0.2
11.614,0,0.2
11.614,0,0.2
11.614,0,0.2
11.615,0,0.2
11.615,0,0.2
11.615,0,0.2
11.615,0,0.2
11.615,0,0.2
11.616,0,0.2
11.616,0,0.2
11.616,0,0.2
11.616,0,0.2
11.616,0,0.2
11.617,0,0.2
11.617,0,0.2
11.617,0,0.2
11.617,0,0.2
11.617,0,0.2
11.618,0,0.2
11.618,0,0.2
11.618,0,0.2
11.618,0,0.2
11.618,0,0.2
11.619,0,0.2
11.619,0,0.2
11.619,0,0.2
11.619,0,0.2
11.619,0,0.2
11.620,0,0.2
11.620,0,0.2
11.620,0,0.2
11.620,0,0.2
11.620,0,0.3
11.621,0,0.2
11.621,0,0.2
11.621,0,0.2
11.621,0,0.2
11.621,0,0.2
11.622,0,0.2
11.622,0,0.2
11.622,0,0.2
11.622,0,0.2
11.622,0,0.2
11.623,0,0.2
11.623,0,0.2
11.623,0,0.2
11.623,0,0.2
11.623,0,0.2
11.624,0,0.2
11.624,0,0.2
11.624,0,0.2
11.624,0,0.2
11.624,0,0.2
11.625,0,0.2
11.625,0,0.2
11.625,0,0.2
11.625,0,0.2
11.625,0,0.2
11.626,0,0.2
11.626,0,0.2
11.626,0,0.2
11.626,0,0.2
11.626,0,0.2
11.627,0,0.2
11.627,0,0.2
11.627,0,0.3
11.627,0,0.2
11.627,0,0.2
11.628,0,0.2
11.628,0,0.2
11.628,0,0.2
11.628,0,0.2
11.629,0,0.2
11.629,0,0.2
11.629,0,0.2
11.629,0,0.2
11.629,0,0.2
11.630,0,0.2
11.630,0,0.2
11.630,0,0.2
11.630,0,0.2
11.630,0,0.2
11.631,0,0.2
11.631,0,0.2
11.631,0,0.2
11.631,0,0.2
11.631,0,0.2
11.632,0,0.2
11.632,0,0.2
11.632,0,0.3
11.632,0,0.2
11.633,0,0.2
11.633,0,0.2
11.633,0,0.2
11.633,0,0.2
11.633,0,0.2
11.634,0,0.2
11.634,0,0.2
11.634,0,0.3
11.634,0,0.2
11.635,0,0.2
11.635,0,0.2
11.635,0,0.2
11.635,0,0.2
11.635,0,0.2
11.636,0,0.2
11.636,0,0.2
11.636,0,0.2
11.636,0,0.2
11.636,0,0.2
11.636,0,0.2
11.637,0,0.2
11.637,0,0.2
11.637,0,0.2
11.637,0,0.2
11.638,0,0.2
11.638,0,0.2
11.638,0,0.2
11.638,0,0.2
11.638,0,0.2
11.639,0,0.2
11.639,0,0.2
11.639,0,0.2
11.639,0,0.2
11.639,0,0.2
11.639,0,0.2
11.640,0,0.2
11.640,0,0.2
11.640,0,0.2
11.640,0,0.2
11.640,0,0.2
11.641,0,0.2
11.641,0,0.2
11.641,0,0.2
11.641,0,0.2
11.641,0,0.2
11.642,0,0.2
11.642,0,0.2
11.642,0,0.3
11.642,0,0.2
11.643,0,0.2
11.643,0,0.2
11.643,0,0.2
11.643,0,0.2
11.643,0,0.2
11.644,0,0.2
11.644,0,0.6
11.645,0,1.1
11.646,0,0.3
11.646,0,0.2
11.646,0,0.2
11.646,0,0.2
11.646,0,0.2
11.647,0,0.2
11.647,0,0.2
11.647,0,0.2
11.647,0,0.2
11.647,0,0.2
11.648,0,0.2
11.648,0,0.2
11.648,0,0.2
11.648,0,0.2
11.649,0,0.2
11.649,0,0.2
11.649,0,0.2
11.649,0,0.3
11.649,0,0.2
11.650,0,0.2
11.650,0,0.2
11.650,0,0.2
11.650,0,0.2
11.651,0,0.2
11.651,0,0.2
11.651,0,0.2
11.651,0,0.2
11.651,0,0.2
11.652,0,0.2
11.652,0,0.2
11.652,0,0.3
11.652,0,0.3
11.653,0,0.2
11.653,0,0.2
11.653,0,0.2
11.653,0,0.2
11.653,0,0.2
11.654,0,0.2
11.654,0,0.2
11.654,0,0.2
11.654,0,0.2
11.655,0,0.3
11.655,0,0.2
11.655,0,0.2
11.655,0,0.2
11.657,0,1.4
11.657,0,0.2
11.657,0,0.2
11.657,0,0.2
11.657,0,0.2
11.658,0,0.2
11.658,0,0.2
11.658,0,0.2
11.658,0,0.2
11.658,0,0.2
11.660,0,1.1
11.661,0,1.0
11.661,0,0.2
11.661,0,0.2
11.661,0,0.2
11.661,0,0.2
11.662,0,0.2
11.662,0,0.2
11.662,0,0.2
11.662,0,0.2
11.662,0,0.2
11.663,0,0.2
11.663,0,0.2
11.663,0,0.2
11.663,0,0.2
11.663,0,0.2
11.664,0,0.2
11.664,0,0.2
11.664,0,0.2
11.664,0,0.3
11.665,0,0.2
11.665,0,0.2
11.665,0,0.2
11.665,0,0.2
11.665,0,0.2
11.666,0,0.2
11.666,0,0.2
11.666,0,0.2
11.666,0,0.2
11.666,0,0.2
11.667,0,0.2
11.667,0,0.2
11.667,0,0.2
11.667,0,0.2
11.667,0,0.2
11.668,0,0.2
11.668,0,0.2
11.668,0,0.2
11.668,0,0.2
11.668,0,0.3
11.669,0,0.2
11.669,0,0.2
11.669,0,0.2
11.669,0,0.2
11.669,0,0.2
11.670,0,0.2
11.670,0,0.2
11.670,0,0.2
11.670,0,0.2
11.670,0,0.2
11.671,0,0.2
11.671,0,0.2
11.671,0,0.2
11.671,0,0.2
11.671,0,0.2
11.672,0,0.2
11.672,0,0.3
11.672,0,0.4
11.673,0,0.3
11.673,0,0.2
11.673,0,0.4
11.674,0,0.8
11.675,0,1.3
11.677,0,1.3
11.677,0,0.5
11.677,0,0.3
11.678,0,0.3
11.678,0,0.2
11.678,0,0.3
11.680,0,1.4
11.681,0,1.0
11.681,0,0.3
11.682,0,1.5
11.683,0,0.3
11.683,0,0.2
11.683,0,0.4
11.684,0,0.3
11.684,0,0.3
11.684,0,0.2
11.684,0,0.3
11.685,0,1.0
11.686,0,0.3
11.686,0,0.2
11.686,0,0.3
11.686,0,0.3
11.687,0,0.3
11.687,0,0.3
11.687,0,0.3
11.688,0,0.3
11.688,0,0.3
11.688,0,0.3
11.689,0,0.4
11.689,0,0.5
11.689,0,0.4
11.690,0,0.4
11.690,0,0.3
11.690,0,0.3
11.691,0,0.3
11.691,0,0.2
11.691,0,0.3
11.691,0,0.3
11.692,0,0.2
11.692,0,0.3
11.692,0,0.3
11.693,0,0.3
11.693,0,0.3
11.694,0,1.6
11.695,0,0.2
11.695,0,0.4
11.696,0,0.6
11.696,0,0.3
11.697,0,1.0
11.698,0,1.3
11.699,0,0.3
11.700,0,1.8
11.702,0,1.6
11.703,0,1.4
11.705,0,1.4
11.708,0,2.9
11.709,0,1.3
11.709,0,0.3
11.710,0,1.2
11.715,0,4.2
11.717,0,2.5
11.718,0,1.3
11.719,0,0.3
11.719,0,0.3
11.719,0,0.3
11.721,0,1.3
11.721,0,0.3
11.725,0,4.5
11.728,0,3.0
11.731,0,3.0
11.734,0,2.3
11.739,0,4.9
11.740,0,1.1
11.744,0,4.5
11.748,0,4.1
11.749,0,0.4
11.749,0,0.3
11.749,0,0.4
11.750,0,0.4
11.751,0,0.6
11.751,0,0.3
11.752,0,1.0
11.753,0,0.7
11.753,0,0.5
11.754,0,0.5
11.754,0,0.6
11.755,0,0.7
11.755,0,0.5
11.757,0,1.9
11.760,0,2.7
11.763,0,2.7
11.764,0,1.8
11.765,0,0.3
11.765,0,0.2
11.765,0,0.2
11.765,0,0.3
11.766,0,0.2
11.766,0,0.2
11.766,0,0.2
11.766,0,0.2
11.766,0,0.2
11.767,0,0.2
11.767,0,0.2
11.767,0,0.2
11.767,0,0.2
11.768,0,0.2
11.768,0,0.2
11.768,0,0.2
11.768,0,0.2
11.768,0,0.2
11.769,0,0.2
11.769,0,0.2
11.769,0,0.2
11.769,0,0.3
11.770,0,0.2
11.770,0,0.3
11.770,0,0.2
11.770,0,0.2
11.770,0,0.2
11.771,0,0.2
11.771,0,0.2
11.771,0,0.3
11.771,0,0.2
11.772,0,0.3
11.772,0,0.2
11.772,0,0.3
11.772,0,0.3
11.773,0,0.2
11.773,0,0.3
11.773,0,0.3
11.773,0,0.2
11.774,0,0.2
11.774,0,0.2
11.774,0,0.2
11.774,0,0.2
11.775,0,0.2
11.775,0,0.2
11.775,0,0.2
11.775,0,0.2
11.775,0,0.2
11.776,0,0.2
11.776,0,0.2
11.776,0,0.2
11.776,0,0.3
11.777,0,0.2
11.777,0,0.2
11.777,0,0.2
11.777,0,0.2
11.777,0,0.2
11.778,0,0.2
11.778,0,0.2
11.778,0,0.2
11.778,0,0.2
11.778,0,0.2
11.779,0,0.3
11.779,0,0.2
11.779,0,0.2
11.779,0,0.2
11.780,0,0.2
11.780,0,0.2
11.780,0,0.2
11.781,0,0.5
11.781,0,0.2
11.782,0,1.0
11.783,0,1.6
11.784,0,0.3
11.784,0,0.3
11.784,0,0.2
11.784,0,0.2
11.784,0,0.2
11.785,0,0.2
11.785,0,0.2
11.785,0,0.2
11.785,0,0.4
11.786,0,0.3
11.786,0,0.2
11.788,0,1.8
11.788,0,0.3
11.788,0,0.2
11.788,0,0.2
11.789,0,0.4
11.789,0,0.2
11.789,0,0.3
11.790,0,0.3
11.790,0,0.3
11.790,0,0.4
11.793,0,2.9
11.793,0,0.3
11.794,0,0.2
11.794,0,0.2
11.794,0,0.3
11.795,0,0.5
11.795,0,0.4
11.795,0,0.4
11.796,0,0.4
11.796,0,0.4
11.797,0,0.5
11.797,0,0.2
11.797,0,0.4
11.798,0,0.4
11.798,0,0.2
11.798,0,0.2
11.798,0,0.3
11.799,0,0.2
11.799,0,0.3
11.799,0,0.5
11.800,0,0.3
11.800,0,0.2
11.800,0,0.2
11.800,0,0.2
11.801,0,0.2
11.801,0,0.2
11.801,0,0.2
11.802,0,0.4
11.803,0,1.5
11.803,0,0.4
11.804,0,0.2
11.804,0,0.2
11.804,0,0.2
11.804,0,0.3
11.805,0,0.3
11.806,0,1.5
11.806,0,0.3
11.807,0,0.2
11.807,0,0.3
11.807,0,0.3
11.808,0,0.3
11.808,0,0.3
11.808,0,0.3
11.808,0,0.4
11.809,0,0.2
11.809,0,0.2
11.809,0,0.2
11.809,0,0.2
11.810,0,0.2
11.810,0,0.2
11.810,0,0.2
11.810,0,0.2
11.810,0,0.2
11.811,0,0.2
11.811,0,0.2
11.811,0,0.2
11.811,0,0.2
11.812,0,0.2
11.812,0,0.2
11.812,0,0.2
11.812,0,0.3
11.813,0,0.2
11.813,0,0.2
11.813,0,0.2
11.813,0,0.2
11.813,0,0.2
11.814,0,0.2
11.814,0,0.2
11.814,0,0.5
11.815,0,0.2
11.815,0,0.3
11.815,0,0.2
11.815,0,0.2
11.816,0,0.2
11.816,0,0.2
11.816,0,0.2
11.816,0,0.2
11.816,0,0.2
11.817,0,0.2
11.817,0,0.2
11.820,0,2.6
11.820,0,0.9
11.821,0,0.3
11.821,0,0.2
11.821,0,0.2
11.821,0,0.2
11.822,0,0.2
11.822,0,0.2
11.822,0,0.2
11.822,0,0.2
11.822,0,0.3
11.823,0,0.2
11.823,0,0.2
11.823,0,0.2
11.823,0,0.2
11.823,0,0.2
11.824,0,0.2
11.824,0,0.2
11.824,0,0.2
11.824,0,0.2
11.824,0,0.2
11.825,0,0.2
11.825,0,0.2
11.825,0,0.2
11.825,0,0.2
11.825,0,0.2
11.826,0,0.2
11.826,0,0.2
11.826,0,0.2
11.826,0,0.2
11.826,0,0.2
11.827,0,0.2
11.827,0,0.2
11.827,0,0.2
11.827,0,0.2
11.827,0,0.2
11.828,0,0.2
11.828,0,0.2
11.828,0,0.2
11.828,0,0.3
11.829,0,0.2
11.829,0,0.2
11.829,0,0.2
11.829,0,0.2
11.829,0,0.2
11.830,0,0.2
11.830,0,0.2
11.830,0,0.2
11.830,0,0.2
11.830,0,0.2
11.831,0,0.2
11.831,0,0.2
11.831,0,0.2
11.831,0,0.2
11.831,0,0.2
11.832,0,0.2
11.832,0,0.2
11.832,0,0.2
11.832,0,0.2
11.833,0,0.2
11.833,0,0.2
11.833,0,0.2
11.833,0,0.2
11.833,0,0.2
11.834,0,0.2
11.834,0,0.2
11.834,0,0.2
11.834,0,0.2
11.834,0,0.2
11.835,0,0.2
11.835,0,0.2
11.835,0,0.2
11.835,0,0.2
11.835,0,0.2
11.836,0,0.2
11.836,0,0.2
11.836,0,0.2
11.836,0,0.2
11.837,0,0.2
11.837,0,0.7
11.838,0,0.3
11.838,0,0.2
11.838,0,0.2
11.838,0,0.2
11.839,0,0.4
11.839,0,0.2
11.839,0,0.2
11.839,0,0.2
11.839,0,0.2
11.840,0,0.2
11.840,0,0.2
11.840,0,0.2
11.840,0,0.2
11.840,0,0.2
11.841,0,0.2
11.841,0,0.2
11.841,0,0.2
11.841,0,0.2
11.841,0,0.2
11.842,0,0.2
11.842,0,0.2
11.842,0,0.2
11.842,0,0.2
11.842,0,0.2
11.842,0,0.2
11.843,0,0.2
11.843,0,0.2
11.843,0,0.2
11.843,0,0.2
11.843,0,0.2
11.844,0,0.2
11.844,0,0.2
11.844,0,0.2
11.844,0,0.2
11.844,0,0.2
11.845,0,0.2
11.845,0,0.2
11.845,0,0.2
11.845,0,0.2
11.845,0,0.2
11.845,0,0.2
11.846,0,0.2
11.846,0,0.2
11.846,0,0.2
11.846,0,0.2
11.846,0,0.2
11.847,0,0.2
11.847,0,0.2
11.847,0,0.2
11.847,0,0.2
11.847,0,0.2
11.848,0,0.2
11.848,0,0.2
11.848,0,0.2
11.848,0,0.2
11.848,0,0.2
11.849,0,0.3
11.849,0,0.2
11.849,0,0.2
11.849,0,0.2
11.849,0,0.2
11.850,0,0.2
11.850,0,0.2
11.850,0,0.2
11.850,0,0.2
11.851,0,0.2
11.851,0,0.2
11.851,0,0.2
11.851,0,0.2
11.851,0,0.2
11.852,0,0.2
11.852,0,0.2
11.852,0,0.2
11.854,0,1.4
11.854,0,0.3
11.854,0,0.2
11.854,0,0.3
11.855,0,0.2
11.855,0,0.2
11.855,0,0.2
11.855,0,0.2
11.855,0,0.3
11.856,0,0.2
11.856,0,0.2
11.856,0,0.2
11.856,0,0.2
11.857,0,0.7
11.857,0,0.2
11.857,0,0.2
11.857,0,0.2
11.858,0,0.2
11.858,0,0.2
11.858,0,0.2
11.858,0,0.2
11.858,0,0.3
11.859,0,0.4
11.860,0,0.7
11.861,0,1.5
11.863,0,2.4
11.864,0,0.4
11.864,0,0.4
11.865,0,0.4
11.865,0,0.2
11.865,0,0.2
11.865,0,0.2
11.865,0,0.3
11.866,0,0.2
11.866,0,0.2
11.866,0,0.2
11.866,0,0.2
11.866,0,0.2
11.867,0,0.2
11.867,0,0.2
11.867,0,0.2
11.867,0,0.2
11.867,0,0.2
11.867,0,0.2
11.868,0,0.2
11.868,0,0.2
11.868,0,0.2
11.868,0,0.2
11.868,0,0.2
11.869,0,0.2
11.869,0,0.2
11.869,0,0.2
11.869,0,0.2
11.869,0,0.2
11.870,0,0.2
11.870,0,0.2
11.870,0,0.2
11.870,0,0.2
11.870,0,0.2
11.870,0,0.2
11.871,0,0.2
11.871,0,0.2
11.871,0,0.2
11.871,0,0.2
11.871,0,0.2
11.872,0,0.9
11.873,0,0.3
11.873,0,0.4
11.873,0,0.2
11.873,0,0.3
11.874,0,0.3
11.874,0,0.3
11.874,0,0.3
11.876,0,1.5
11.877,0,1.5
11.879,0,1.5
11.880,0,0.8
11.880,0,0.2
11.881,0,1.5
11.883,0,1.5
11.883,0,0.4
11.885,0,1.5
11.885,0,0.3
11.886,0,1.5
11.890,0,4.0
11.891,0,0.3
11.893,0,2.2
11.894,0,1.5
11.895,0,1.1
11.897,0,1.5
11.901,0,3.9
11.902,0,1.2
11.902,0,0.3
11.903,0,0.3
11.903,0,0.3
11.903,0,0.3
11.903,0,0.3
11.904,0,0.3
11.904,0,0.3
11.904,0,0.3
11.905,0,0.3
11.905,0,0.3
11.905,0,0.3
11.905,0,0.3
11.906,0,0.3
11.906,0,0.3
11.906,0,0.3
11.906,0,0.3
11.907,0,0.3
11.908,0,1.5
11.910,0,1.4
11.910,0,0.3
11.914,0,4.4
11.915,0,0.3
11.915,0,0.2
11.915,0,0.2
11.915,0,0.2
11.916,0,0.2
11.916,0,0.2
11.916,0,0.2
11.916,0,0.2
11.916,0,0.2
11.917,0,0.3
11.917,0,0.2
11.917,0,0.2
11.917,0,0.2
11.917,0,0.2
11.918,0,0.2
11.918,0,0.2
11.918,0,0.2
11.918,0,0.2
11.918,0,0.2
11.918,0,0.2
11.919,0,0.2
11.919,0,0.2
11.920,0,1.4
11.921,0,0.2
11.921,0,0.2
11.921,0,0.3
11.922,0,1.5
11.924,0,1.5
11.928,0,3.9
11.929,0,1.4
11.929,0,0.2
11.930,0,0.2
11.930,0,0.2
11.930,0,0.2
11.930,0,0.2
11.930,0,0.2
11.931,0,0.2
11.931,0,0.2
11.931,0,0.2
11.931,0,0.2
11.931,0,0.2
11.932,0,0.2
11.932,0,0.2
11.932,0,0.2
11.932,0,0.2
11.932,0,0.2
11.933,0,0.2
11.933,0,0.2
11.933,0,0.2
11.933,0,0.2
11.933,0,0.2
11.934,0,0.2
11.934,0,0.2
11.934,0,0.2
11.935,0,1.4
11.936,0,0.3
11.936,0,0.2
11.936,0,0.2
11.936,0,0.2
11.936,0,0.2
11.937,0,0.2
11.937,0,0.2
11.937,0,0.2
11.937,0,0.2
11.937,0,0.2
11.937,0,0.2
11.938,0,0.2
11.938,0,0.2
11.938,0,0.2
11.938,0,0.3
11.938,0,0.2
11.939,0,0.2
11.939,0,0.2
11.939,0,0.2
11.939,0,0.2
11.939,0,0.2
11.940,0,0.2
11.940,0,0.2
11.940,0,0.2
11.940,0,0.2
11.940,0,0.2
11.941,0,0.2
11.941,0,0.2
11.941,0,0.2
11.941,0,0.2
11.941,0,0.2
11.941,0,0.2
11.942,0,0.2
11.942,0,0.2
11.942,0,0.2
11.942,0,0.2
11.942,0,0.2
11.943,0,0.2
11.943,0,0.2
11.943,0,0.2
11.943,0,0.2
11.943,0,0.2
11.943,0,0.2
11.944,0,0.2
11.944,0,0.2
11.944,0,0.2
11.944,0,0.2
11.944,0,0.2
11.944,0,0.2
11.945,0,0.2
11.945,0,0.2
11.945,0,0.2
11.945,0,0.2
11.945,0,0.2
11.945,0,0.2
11.946,0,0.2
11.946,0,0.2
11.946,0,0.2
11.946,0,0.2
11.946,0,0.2
11.946,0,0.2
11.947,0,0.2
11.947,0,0.2
11.947,0,0.2
11.947,0,0.2
11.947,0,0.2
11.948,0,0.2
11.948,0,0.2
11.948,0,0.2
11.948,0,0.2
11.948,0,0.2
11.949,0,0.3
11.949,0,0.6
11.949,0,0.3
11.950,0,0.2
11.950,0,0.2
11.950,0,0.2
11.950,0,0.2
11.950,0,0.2
11.951,0,0.2
11.951,0,0.2
11.951,0,0.4
11.952,0,0.2
11.952,0,0.2
11.952,0,0.2
11.953,0,1.3
11.954,0,0.3
11.954,0,0.2
11.954,0,0.2
11.954,0,0.2
11.954,0,0.2
11.955,0,0.2
11.955,0,0.2
11.955,0,0.2
11.955,0,0.2
11.955,0,0.2
11.956,0,0.2
11.956,0,0.4
11.956,0,0.3
11.958,0,1.6
11.959,0,0.9
11.959,0,0.3
11.959,0,0.3
11.960,0,0.3
11.960,0,0.2
11.960,0,0.2
11.960,0,0.2
11.960,0,0.2
11.961,0,0.2
11.961,0,0.2
11.961,0,0.2
11.961,0,0.2
11.962,0,0.3
11.962,0,0.2
11.962,0,0.2
11.962,0,0.2
11.962,0,0.3
11.963,0,0.2
11.963,0,0.2
11.963,0,0.2
11.963,0,0.2
11.963,0,0.2
11.964,0,0.2
11.965,0,0.9
11.965,0,0.2
11.965,0,0.2
11.965,0,0.2
11.965,0,0.2
11.966,0,0.2
11.966,0,0.2
11.966,0,0.2
11.966,0,0.2
11.966,0,0.2
11.966,0,0.2
11.967,0,0.2
11.967,0,0.2
11.967,0,0.2
11.967,0,0.2
11.967,0,0.2
11.968,0,0.2
11.968,0,0.2
11.968,0,0.2
11.968,0,0.2
11.968,0,0.2
11.968,0,0.2
11.969,0,0.1
11.969,0,0.1
11.969,0,0.1
11.969,0,0.1
11.969,0,0.2
11.969,0,0.2
11.971,0,1.1
11.972,0,1.1
11.972,0,0.2
11.972,0,0.2
11.972,0,0.2
11.973,0,0.2
11.973,0,0.2
11.973,0,0.2
11.973,0,0.2
11.973,0,0.2
11.974,0,0.2
11.975,0,1.5
11.976,0,1.3
11.977,0,0.2
11.977,0,0.2
11.977,0,0.2
11.977,0,0.2
11.977,0,0.2
11.978,0,0.2
11.978,0,0.2
11.978,0,0.2
11.978,0,0.2
11.979,0,1.0
11.980,0,0.2
11.980,0,0.2
11.980,0,0.2
11.980,0,0.2
11.980,0,0.2
11.981,0,0.2
11.981,0,0.2
11.981,0,0.2
11.981,0,0.2
11.981,0,0.2
11.982,0,0.2
11.982,0,0.2
11.983,0,0.6
11.983,0,0.2
11.983,0,0.2
11.983,0,0.2
11.983,0,0.2
11.983,0,0.2
11.984,0,0.2
11.984,0,0.2
11.984,0,0.2
11.984,0,0.2
11.984,0,0.3
11.985,0,0.2
11.985,0,0.2
11.985,0,0.2
11.986,0,1.2
11.988,0,1.1
11.988,0,0.2
11.988,0,0.2
11.988,0,0.2
11.988,0,0.2
11.989,0,0.2
11.989,0,0.3
11.989,0,0.2
11.989,0,0.2
11.990,0,0.2
11.990,0,0.2
11.990,0,0.2
11.990,0,0.2
11.991,0,0.2
11.991,0,0.2
11.991,0,0.2
11.991,0,0.2
11.992,0,0.2
11.992,0,0.2
11.992,0,0.2
11.992,0,0.3
11.993,0,0.2
11.993,0,0.2
11.993,0,0.2
11.993,0,0.2
11.993,0,0.2
11.994,0,0.2
11.994,0,0.2
11.994,0,0.2
11.994,0,0.2
11.995,0,0.2
11.995,0,0.2
11.995,0,0.2
11.995,0,0.2
11.996,0,0.2
11.996,0,0.2
11.996,0,0.3
11.998,0,1.5
11.998,0,0.2
11.998,0,0.2
11.998,0,0.2
11.999,0,0.2
11.999,0,0.2
11.999,0,0.2
11.999,0,0.2
11.999,0,0.2
12.000,0,0.2
12.000,0,0.2
12.000,0,0.2
12.001,0,0.5
12.002,0,1.4
12.002,0,0.4
12.003,0,0.2
12.003,0,0.2
12.003,0,0.2
12.003,0,0.2
12.004,0,0.2
12.004,0,0.2
12.004,0,0.2
12.004,0,0.3
12.005,0,0.2
12.005,0,0.2
12.005,0,0.2
12.005,0,0.2
12.005,0,0.2
12.006,0,0.2
12.006,0,0.2
12.006,0,0.3
12.006,0,0.2
12.007,0,0.2
12.007,0,0.2
12.007,0,0.3
12.007,0,0.2
12.008,0,0.3
12.008,0,0.2
12.008,0,0.2
12.008,0,0.3
12.009,0,0.2
12.009,0,0.3
12.009,0,0.2
12.009,0,0.2
12.010,0,0.2
12.010,0,0.2
12.010,0,0.2
12.010,0,0.2
12.011,0,0.2
12.011,0,0.2
12.011,0,0.2
12.011,0,0.2
12.011,0,0.2
12.012,0,0.2
12.012,0,0.2
12.012,0,0.2
12.012,0,0.3
12.013,0,0.2
12.013,0,0.2
12.013,0,0.2
12.013,0,0.2
12.014,0,0.2
12.014,0,0.2
12.014,0,0.2
12.014,0,0.2
12.014,0,0.2
12.015,0,0.2
12.015,0,0.2
12.015,0,0.2
12.015,0,0.2
12.016,0,0.2
12.016,0,0.2
12.016,0,0.2
12.016,0,0.3
12.017,0,0.2
12.017,0,0.2
12.017,0,0.2
12.017,0,0.2
12.017,0,0.2
12.018,0,0.2
12.018,0,0.2
12.018,0,0.2
12.018,0,0.2
12.019,0,0.2
12.019,0,0.2
12.019,0,0.2
12.019,0,0.2
12.020,0,0.2
12.020,0,0.2
12.020,0,0.2
12.020,0,0.2
12.021,0,0.4
12.021,0,0.3
12.021,0,0.2
12.021,0,0.2
12.022,0,0.2
12.022,0,0.2
12.022,0,0.2
12.022,0,0.2
12.024,0,1.4
12.024,0,0.4
12.024,0,0.2
12.025,0,0.5
12.025,0,0.2
12.025,0,0.2
12.026,0,0.2
12.026,0,0.2
12.026,0,0.2
12.026,0,0.2
12.026,0,0.2
12.027,0,0.2
12.027,0,0.2
12.027,0,0.2
12.027,0,0.2
12.028,0,0.2
12.028,0,0.2
12.028,0,0.2
12.028,0,0.2
12.028,0,0.3
12.029,0,0.2
12.029,0,0.2
12.029,0,0.2
12.029,0,0.2
12.029,0,0.2
12.030,0,0.2
12.030,0,0.2
12.030,0,0.2
12.030,0,0.2
12.030,0,0.2
12.031,0,0.2
12.031,0,0.2
12.031,0,0.2
12.031,0,0.2
12.031,0,0.2
12.033,0,1.0
12.033,0,0.3
12.033,0,0.2
12.033,0,0.2
12.033,0,0.2
12.034,0,0.2
12.034,0,0.2
12.034,0,0.2
12.034,0,0.2
12.034,0,0.2
12.035,0,0.2
12.035,0,0.2
12.035,0,0.2
12.035,0,0.2
12.035,0,0.2
12.036,0,0.2
12.036,0,0.2
12.036,0,0.2
12.036,0,0.3
12.037,0,0.2
12.037,0,0.2
12.037,0,0.2
12.037,0,0.2
12.037,0,0.2
12.038,0,0.2
12.038,0,0.2
12.038,0,0.2
12.038,0,0.2
12.039,0,0.3
12.039,0,0.2
12.039,0,0.2
12.039,0,0.2
12.039,0,0.2
12.042,0,2.8
12.044,0,1.5
12.045,0,1.5
12.047,0,1.3
12.047,0,0.2
12.047,0,0.2
12.047,0,0.2
12.047,0,0.2
12.048,0,0.2
12.048,0,0.2
12.049,0,1.5
12.051,0,1.5
12.052,0,1.5
12.053,0,0.3
12.053,0,0.3
12.053,0,0.2
12.053,0,0.3
12.054,0,0.2
12.055,0,0.9
12.055,0,0.3
12.055,0,0.2
12.055,0,0.2
12.055,0,0.2
12.056,0,0.2
12.056,0,0.2
12.056,0,0.2
12.056,0,0.3
12.057,0,0.3
12.057,0,0.2
12.057,0,0.2
12.057,0,0.2
12.058,0,0.2
12.058,0,0.2
12.058,0,0.2
12.058,0,0.2
12.058,0,0.2
12.059,0,0.2
12.059,0,0.2
12.059,0,0.2
12.059,0,0.3
12.060,0,0.2
12.060,0,0.2
12.060,0,0.2
12.060,0,0.3
12.061,0,0.3
12.062,0,1.7
12.065,0,2.3
12.067,0,1.9
12.068,0,1.1
12.069,0,1.5
12.070,0,0.8
12.071,0,0.6
12.071,0,0.9
12.072,0,0.2
12.072,0,0.2
12.072,0,0.2
12.072,0,0.2
12.072,0,0.2
12.072,0,0.2
12.073,0,0.2
12.073,0,0.2
12.073,0,0.2
12.073,0,0.2
12.073,0,0.2
12.073,0,0.2
12.074,0,0.2
12.074,0,0.1
12.074,0,0.2
12.074,0,0.1
12.074,0,0.1
12.074,0,0.1
12.075,0,0.1
12.075,0,0.1
12.075,0,0.1
12.075,0,0.1
12.075,0,0.1
12.075,0,0.1
12.075,0,0.1
12.076,0,0.1
12.076,0,0.2
12.076,0,0.2
12.076,0,0.1
12.076,0,0.1
12.076,0,0.2
12.077,0,0.2
12.077,0,0.2
12.077,0,0.2
12.077,0,0.2
12.077,0,0.2
12.077,0,0.2
12.078,0,0.2
12.078,0,0.2
12.078,0,0.3
12.078,0,0.2
12.078,0,0.2
12.079,0,0.2
12.079,0,0.2
12.079,0,0.2
12.079,0,0.2
12.079,0,0.2
12.080,0,0.2
12.080,0,0.2
12.080,0,0.2
12.080,0,0.2
12.080,0,0.2
12.081,0,0.2
12.081,0,0.2
12.081,0,0.2
12.081,0,0.2
12.081,0,0.2
12.082,0,0.2
12.082,0,0.2
12.082,0,0.2
12.082,0,0.2
12.082,0,0.2
12.082,0,0.2
12.083,0,0.2
12.083,0,0.2
12.083,0,0.2
12.083,0,0.1
12.083,0,0.2
12.083,0,0.2
12.084,0,0.2
12.084,0,0.1
12.084,0,0.1
12.084,0,0.1
12.084,0,0.1
12.084,0,0.2
12.084,0,0.2
12.085,0,0.2
12.085,0,0.2
12.085,0,0.2
12.085,0,0.2
12.085,0,0.2
12.085,0,0.2
12.086,0,0.1
12.086,0,0.1
12.086,0,0.1
12.086,0,0.2
12.086,0,0.2
12.086,0,0.2
12.087,0,0.4
12.087,0,0.3
12.087,0,0.2
12.087,0,0.2
12.088,0,0.2
12.088,0,0.2
12.088,0,0.2
12.088,0,0.2
12.088,0,0.2
12.088,0,0.2
12.088,0,0.2
12.089,0,0.2
12.089,0,0.2
12.089,0,0.2
12.089,0,0.2
12.090,0,0.3
12.090,0,0.3
12.090,0,0.2
12.090,0,0.2
12.091,0,0.2
12.091,0,0.2
12.091,0,0.2
12.091,0,0.2
12.091,0,0.2
12.092,0,0.2
12.092,0,0.2
12.092,0,0.2
12.092,0,0.2
12.093,0,0.6
12.093,0,0.3
12.093,0,0.2
12.093,0,0.2
12.094,0,0.2
12.094,0,0.2
12.094,0,0.2
12.094,0,0.2
12.094,0,0.2
12.095,0,0.3
12.095,0,0.2
12.095,0,0.2
12.095,0,0.2
12.096,0,0.2
12.096,0,0.2
12.096,0,0.2
12.096,0,0.2
12.096,0,0.2
12.097,0,0.2
12.097,0,0.2
12.097,0,0.2
12.098,0,1.4
12.099,0,0.2
12.099,0,0.8
12.100,0,0.2
12.100,0,0.2
12.100,0,0.2
12.100,0,0.2
12.100,0,0.2
12.101,0,0.2
12.101,0,0.2
12.101,0,0.2
12.101,0,0.2
12.101,0,0.2
12.102,0,0.2
12.102,0,0.2
12.102,0,0.3
12.102,0,0.2
12.102,0,0.2
12.103,0,0.2
12.103,0,0.2
12.103,0,0.2
12.103,0,0.2
12.103,0,0.2
12.103,0,0.2
12.104,0,0.2
12.104,0,0.2
12.104,0,0.2
12.104,0,0.2
12.104,0,0.2
12.105,0,0.2
12.105,0,0.2
12.105,0,0.2
12.105,0,0.2
12.105,0,0.2
12.106,0,0.2
12.106,0,0.2
12.106,0,0.2
12.106,0,0.2
12.106,0,0.2
12.107,0,0.2
12.108,0,1.0
12.108,0,0.2
12.108,0,0.2
12.108,0,0.2
12.108,0,0.2
12.109,0,0.2
12.109,0,0.2
12.109,0,0.2
12.109,0,0.2
12.109,0,0.2
12.110,0,0.2
12.110,0,0.2
12.110,0,0.2
12.110,0,0.2
12.110,0,0.2
12.111,0,0.2
12.111,0,0.2
12.111,0,0.2
12.111,0,0.2
12.111,0,0.2
12.111,0,0.2
12.112,0,0.2
12.112,0,0.2
12.112,0,0.2
12.112,0,0.2
12.112,0,0.2
12.113,0,0.2
12.113,0,0.2
12.114,0,0.7
12.114,0,0.2
12.114,0,0.3
12.114,0,0.2
12.114,0,0.2
12.115,0,0.2
12.115,0,0.2
12.115,0,0.2
12.115,0,0.2
12.115,0,0.2
12.116,0,0.2
12.116,0,0.2
12.116,0,0.2
12.116,0,0.2
12.116,0,0.2
12.116,0,0.2
12.117,0,0.2
12.117,0,0.2
12.117,0,0.2
12.117,0,0.2
12.117,0,0.2
12.118,0,0.2
12.118,0,0.2
12.118,0,0.2
12.118,0,0.2
12.118,0,0.2
12.118,0,0.2
12.119,0,0.2
12.119,0,0.2
12.119,0,0.2
12.119,0,0.2
12.119,0,0.2
12.120,0,0.2
12.120,0,0.2
12.120,0,0.2
12.120,0,0.2
12.120,0,0.2
12.120,0,0.2
12.121,0,0.2
12.121,0,0.2
12.121,0,0.2
12.121,0,0.2
12.121,0,0.2
12.121,0,0.2
12.122,0,0.2
12.122,0,0.2
12.122,0,0.2
12.122,0,0.2
12.122,0,0.2
12.122,0,0.2
12.123,0,0.2
12.123,0,0.1
12.123,0,0.2
12.123,0,0.1
12.123,0,0.1
12.123,0,0.2
12.123,0,0.1
12.124,0,0.1
12.124,0,0.1
12.124,0,0.2
12.124,0,0.2
12.124,0,0.2
12.124,0,0.2
12.125,0,0.2
12.125,0,0.2
12.125,0,0.2
12.125,0,0.2
12.125,0,0.2
12.126,0,0.2
12.126,0,0.2
12.126,0,0.2
12.126,0,0.2
12.126,0,0.2
12.126,0,0.2
12.127,0,0.2
12.127,0,0.2
12.127,0,0.2
12.127,0,0.2
12.127,0,0.2
12.127,0,0.2
12.128,0,0.1
12.128,0,0.1
12.128,0,0.2
12.128,0,0.2
12.128,0,0.2
12.128,0,0.2
12.128,0,0.2
12.129,0,0.2
12.129,0,0.2
12.129,0,0.2
12.129,0,0.2
12.129,0,0.2
12.130,0,0.1
12.130,0,0.2
12.130,0,0.2
12.130,0,0.2
12.130,0,0.2
12.130,0,0.2
12.131,0,0.2
12.131,0,0.2
12.131,0,0.4
12.131,0,0.2
12.132,0,0.2
12.132,0,0.2
12.132,0,0.2
12.132,0,0.2
12.132,0,0.2
12.132,0,0.2
12.133,0,0.2
12.133,0,0.2
12.133,0,0.2
12.133,0,0.2
12.133,0,0.2
12.133,0,0.2
12.134,0,0.2
12.134,0,0.2
12.134,0,0.2
12.134,0,0.2
12.134,0,0.2
12.134,0,0.2
12.135,0,0.2
12.135,0,0.2
12.135,0,0.2
12.135,0,0.2
12.135,0,0.2
12.135,0,0.2
12.136,0,0.2
12.136,0,0.2
12.136,0,0.2
12.136,0,0.2
12.136,0,0.2
12.136,0,0.2
12.137,0,0.2
12.137,0,0.2
12.137,0,0.2
12.137,0,0.2
12.137,0,0.2
12.137,0,0.2
12.138,0,0.2
12.138,0,0.5
12.138,0,0.2
12.138,0,0.2
12.138,0,0.2
12.139,0,0.2
12.139,0,0.2
12.139,0,0.2
12.139,0,0.2
12.139,0,0.2
12.140,0,0.2
12.140,0,0.2
12.140,0,0.2
12.140,0,0.2
12.140,0,0.2
12.140,0,0.2
12.141,0,0.2
12.141,0,0.2
12.141,0,0.2
12.141,0,0.2
12.141,0,0.2
12.141,0,0.2
12.142,0,0.2
12.142,0,0.2
12.142,0,0.2
12.142,0,0.1
12.142,0,0.2
12.142,0,0.2
12.142,0,0.2
12.143,0,0.2
12.143,0,0.1
12.143,0,0.1
12.143,0,0.2
12.143,0,0.2
12.143,0,0.2
12.144,0,0.2
12.144,0,0.3
12.144,0,0.2
12.144,0,0.2
12.144,0,0.2
12.144,0,0.2
12.145,0,0.2
12.145,0,0.1
12.145,0,0.2
12.145,0,0.2
12.145,0,0.2
12.145,0,0.2
12.146,0,0.2
12.146,0,0.2
12.146,0,0.2
12.146,0,0.2
12.146,0,0.2
12.146,0,0.2
12.147,0,0.2
12.147,0,0.2
12.147,0,0.2
12.147,0,0.2
12.147,0,0.2
12.147,0,0.2
12.148,0,0.2
12.148,0,0.2
12.148,0,0.2
12.148,0,0.2
12.148,0,0.2
12.148,0,0.2
12.149,0,0.2
12.149,0,0.2
12.149,0,0.2
12.149,0,0.2
12.149,0,0.2
12.149,0,0.2
12.150,0,0.2
12.150,0,0.2
12.150,0,0.2
12.150,0,0.2
12.150,0,0.2
12.150,0,0.2
12.151,0,0.2
12.151,0,0.2
12.151,0,0.2
12.151,0,0.2
12.151,0,0.2
12.151,0,0.2
12.152,0,0.2
12.152,0,0.2
12.152,0,0.2
12.152,0,0.2
12.152,0,0.2
12.153,0,0.8
12.153,0,0.2
12.154,0,0.2
12.154,0,0.2
12.154,0,0.2
12.154,0,0.2
12.154,0,0.2
12.155,0,0.2
12.155,0,0.2
12.155,0,0.2
12.155,0,0.2
12.155,0,0.2
12.156,0,0.2
12.156,0,0.2
12.156,0,0.2
12.156,0,0.2
12.156,0,0.2
12.157,0,0.2
12.157,0,0.2
12.157,0,0.2
12.157,0,0.2
12.157,0,0.2
12.158,0,0.2
12.158,0,0.2
12.158,0,0.2
12.158,0,0.2
12.159,0,0.8
12.159,0,0.2
12.159,0,0.2
12.159,0,0.2
12.160,0,0.2
12.160,0,0.2
12.160,0,0.2
12.160,0,0.2
12.160,0,0.2
12.161,0,0.2
12.161,0,0.2
12.161,0,0.2
12.161,0,0.3
12.162,0,0.2
12.162,0,0.2
12.162,0,0.2
12.162,0,0.2
12.162,0,0.2
12.162,0,0.2
12.163,0,0.2
12.163,0,0.2
12.163,0,0.2
12.163,0,0.2
12.163,0,0.2
12.164,0,0.2
12.164,0,0.2
12.164,0,0.2
12.164,0,0.2
12.164,0,0.2
12.164,0,0.2
12.165,0,0.2
12.165,0,0.2
12.165,0,0.2
12.165,0,0.3
12.166,0,0.2
12.166,0,0.2
12.166,0,0.2
12.166,0,0.2
12.166,0,0.2
12.166,0,0.2
12.167,0,0.2
12.167,0,0.2
12.167,0,0.2
12.167,0,0.2
12.168,0,0.2
12.168,0,0.2
12.168,0,0.2
12.168,0,0.2
12.168,0,0.2
12.168,0,0.2
12.169,0,0.2
12.169,0,0.2
12.169,0,0.2
12.169,0,0.2
12.169,0,0.2
12.170,0,0.2
12.170,0,0.2
12.170,0,0.2
12.170,0,0.2
12.170,0,0.2
12.171,0,0.2
12.171,0,0.2
12.171,0,0.2
12.171,0,0.2
12.171,0,0.2
12.172,0,0.2
12.172,0,0.2
12.172,0,0.2
12.172,0,0.2
12.172,0,0.2
12.173,0,0.2
12.173,0,0.2
12.173,0,0.2
12.173,0,0.2
12.173,0,0.2
12.174,0,0.2
12.174,0,0.2
12.174,0,0.2
12.174,0,0.2
12.174,0,0.2
12.175,0,0.2
12.175,0,0.2
12.175,0,0.2
12.175,0,0.2
12.175,0,0.2
12.176,0,0.2
12.176,0,0.2
12.176,0,0.2
12.176,0,0.2
12.176,0,0.2
12.176,0,0.2
12.177,0,0.2
12.177,0,0.2
12.177,0,0.2
12.177,0,0.2
12.177,0,0.2
12.178,0,0.2
12.178,0,0.2
12.178,0,0.2
12.178,0,0.2
12.178,0,0.2
12.179,0,0.2
12.179,0,0.2
12.179,0,0.2
12.179,0,0.2
12.179,0,0.2
12.180,0,0.2
12.180,0,0.2
12.180,0,0.2
12.180,0,0.2
12.181,0,0.2
12.181,0,0.2
12.181,0,0.2
12.181,0,0.2
12.181,0,0.2
12.182,0,0.2
12.182,0,0.2
12.182,0,0.2
12.182,0,0.2
12.182,0,0.2
12.183,0,0.2
12.183,0,0.2
12.183,0,0.2
12.183,0,0.2
12.183,0,0.2
12.184,0,0.2
12.184,0,0.2
12.184,0,0.2
12.184,0,0.2
12.184,0,0.3
12.185,0,0.2
12.185,0,0.2
12.185,0,0.2
12.185,0,0.2
12.185,0,0.2
12.186,0,0.2
12.186,0,0.2
12.186,0,0.2
12.187,0,0.7
12.187,0,0.3
12.187,0,0.2
12.187,0,0.2
12.188,0,0.2
12.188,0,0.3
12.188,0,0.2
12.188,0,0.3
12.189,0,0.2
12.189,0,0.3
12.189,0,0.3
12.190,0,0.2
12.190,0,0.2
12.190,0,0.2
12.190,0,0.4
12.191,0,0.2
12.191,0,0.2
12.191,0,0.2
12.191,0,0.2
12.191,0,0.2
12.192,0,0.5
12.192,0,0.3
12.192,0,0.2
12.193,0,0.2
12.193,0,0.2
12.193,0,0.2
12.193,0,0.2
12.193,0,0.2
12.194,0,0.3
12.194,0,0.7
12.195,0,0.3
12.195,0,0.7
12.196,0,0.3
12.196,0,0.6
12.196,0,0.2
12.197,0,0.2
12.197,0,0.3
12.197,0,0.2
12.197,0,0.2
12.198,0,0.2
12.198,0,0.2
12.198,0,0.2
12.198,0,0.2
12.198,0,0.2
12.199,0,0.2
12.199,0,0.2
12.199,0,0.2
12.199,0,0.2
12.200,0,0.2
12.200,0,0.2
12.200,0,0.2
12.200,0,0.3
12.201,0,0.2
12.201,0,0.2
12.201,0,0.3
12.201,0,0.2
12.202,0,0.2
12.202,0,0.2
12.202,0,0.2
12.202,0,0.2
12.202,0,0.2
12.203,0,0.2
12.203,0,0.2
12.203,0,0.2
12.203,0,0.2
12.204,0,0.2
12.204,0,0.2
12.204,0,0.2
12.204,0,0.3
12.205,0,0.2
12.205,0,0.2
12.205,0,0.2
12.205,0,0.2
12.205,0,0.2
12.206,0,0.2
12.206,0,0.2
12.206,0,0.2
12.206,0,0.3
12.207,0,0.2
12.207,0,0.3
12.207,0,0.2
12.207,0,0.3
12.208,0,0.3
12.208,0,0.2
12.208,0,0.2
12.208,0,0.2
12.209,0,0.2
12.209,0,0.2
12.209,0,0.2
12.209,0,0.3
12.210,0,0.2
12.211,0,1.1
12.211,0,0.3
12.211,0,0.2
12.211,0,0.2
12.212,0,0.2
12.212,0,0.2
12.212,0,0.2
12.212,0,0.2
12.212,0,0.3
12.213,0,0.2
12.213,0,0.2
12.213,0,0.2
12.213,0,0.2
12.213,0,0.2
12.214,0,0.3
12.215,0,0.8
12.215,0,0.3
12.215,0,0.2
12.215,0,0.2
12.215,0,0.2
12.216,0,0.2
12.216,0,0.2
12.216,0,0.2
12.216,0,0.2
12.216,0,0.2
12.217,0,0.2
12.217,0,0.2
12.217,0,0.2
12.217,0,0.2
12.217,0,0.2
12.218,0,0.2
12.218,0,0.2
12.218,0,0.2
12.218,0,0.2
12.218,0,0.2
12.219,0,0.3
12.219,0,0.4
12.219,0,0.3
12.220,0,0.3
12.220,0,0.2
12.220,0,0.2
12.221,0,1.2
12.222,0,0.4
12.222,0,0.5
12.222,0,0.3
12.223,0,0.2
12.223,0,0.2
12.223,0,0.2
12.223,0,0.2
12.224,0,0.2
12.224,0,0.2
12.225,0,1.5
12.226,0,0.3
12.226,0,0.2
12.226,0,0.2
12.226,0,0.2
12.226,0,0.2
12.227,0,0.2
12.227,0,0.2
12.227,0,0.2
12.227,0,0.2
12.228,0,0.2
12.228,0,0.2
12.228,0,0.2
12.228,0,0.2
12.228,0,0.2
12.229,0,0.2
12.229,0,0.2
12.229,0,0.2
12.229,0,0.2
12.229,0,0.3
12.231,0,1.4
12.231,0,0.3
12.231,0,0.2
12.232,0,0.2
12.232,0,0.2
12.232,0,0.2
12.232,0,0.3
12.233,0,0.2
12.233,0,0.2
12.233,0,0.2
12.233,0,0.2
12.234,0,0.2
12.234,0,0.2
12.234,0,0.2
12.234,0,0.2
12.234,0,0.2
12.235,0,0.2
12.235,0,0.2
12.235,0,0.2
12.235,0,0.2
12.235,0,0.2
12.235,0,0.2
12.236,0,0.2
12.236,0,0.2
12.236,0,0.2
12.236,0,0.3
12.236,0,0.2
12.237,0,0.2
12.237,0,0.2
12.237,0,0.2
12.237,0,0.2
12.238,0,0.2
12.238,0,0.2
12.238,0,0.2
12.238,0,0.2
12.238,0,0.2
12.239,0,0.2
12.239,0,0.2
12.239,0,0.2
12.239,0,0.2
12.240,0,0.2
12.240,0,0.2
12.240,0,0.2
12.240,0,0.2
12.240,0,0.3
12.241,0,0.2
12.241,0,0.2
12.241,0,0.2
12.241,0,0.2
12.242,0,0.2
12.242,0,0.2
12.242,0,0.2
12.242,0,0.2
12.242,0,0.2
12.243,0,0.2
12.243,0,0.2
12.243,0,0.2
12.243,0,0.2
12.244,0,0.2
12.244,0,0.2
12.244,0,0.2
12.244,0,0.2
12.244,0,0.2
12.245,0,0.2
12.245,0,0.2
12.245,0,0.2
12.245,0,0.2
12.245,0,0.2
12.246,0,0.2
12.246,0,0.2
12.246,0,0.2
12.246,0,0.2
12.246,0,0.2
12.247,0,0.2
12.247,0,0.2
12.247,0,0.2
12.247,0,0.2
12.247,0,0.2
12.248,0,0.2
12.248,0,0.2
12.248,0,0.2
12.248,0,0.3
12.249,0,0.2
12.249,0,0.3
12.249,0,0.2
12.249,0,0.2
12.250,0,0.2
12.250,0,0.2
12.250,0,0.2
12.250,0,0.2
12.250,0,0.2
12.251,0,0.2
12.251,0,0.3
12.251,0,0.2
12.251,0,0.2
12.252,0,0.2
12.252,0,0.2
12.252,0,0.2
12.252,0,0.2
12.252,0,0.2
12.253,0,0.2
12.253,0,0.3
12.253,0,0.2
12.253,0,0.2
12.254,0,0.2
12.254,0,0.2
12.254,0,0.2
12.254,0,0.2
12.254,0,0.2
12.255,0,0.2
12.255,0,0.2
12.255,0,0.2
12.255,0,0.2
12.255,0,0.2
12.255,0,0.2
12.256,0,0.2
12.256,0,0.2
12.256,0,0.2
12.256,0,0.2
12.257,0,0.2
12.257,0,0.2
12.257,0,0.2
12.257,0,0.2
12.257,0,0.2
12.258,0,0.2
12.258,0,0.2
12.258,0,0.2
12.258,0,0.2
12.258,0,0.3
12.259,0,0.2
12.259,0,0.2
12.259,0,0.2
12.259,0,0.2
12.259,0,0.2
12.260,0,0.2
12.260,0,0.2
12.260,0,0.2
12.260,0,0.2
12.260,0,0.2
12.261,0,0.2
12.261,0,0.2
12.261,0,0.3
12.261,0,0.2
12.261,0,0.2
12.262,0,0.2
12.262,0,0.2
12.262,0,0.2
12.262,0,0.2
12.263,0,0.2
12.263,0,0.2
12.263,0,0.2
12.263,0,0.2
12.264,0,0.7
12.264,0,0.2
12.264,0,0.2
12.265,0,0.2
12.265,0,0.2
12.265,0,0.2
12.265,0,0.3
12.265,0,0.2
12.266,0,0.2
12.266,0,0.2
12.266,0,0.2
12.266,0,0.2
12.267,0,0.3
12.267,0,0.2
12.267,0,0.2
12.267,0,0.2
12.267,0,0.2
12.267,0,0.2
12.268,0,0.2
12.268,0,0.2
12.268,0,0.2
12.268,0,0.2
12.268,0,0.2
12.269,0,0.2
12.269,0,0.2
12.270,0,1.5
12.271,0,0.9
12.272,0,0.2
12.272,0,0.2
12.272,0,0.2
12.272,0,0.2
12.272,0,0.2
12.273,0,0.2
12.273,0,0.2
12.273,0,0.2
12.273,0,0.2
12.273,0,0.2
12.274,0,0.2
12.274,0,0.2
12.274,0,0.2
12.274,0,0.2
12.274,0,0.2
12.275,0,0.2
12.275,0,0.2
12.275,0,0.2
12.275,0,0.2
12.275,0,0.2
12.276,0,0.2
12.276,0,0.2
12.276,0,0.2
12.276,0,0.2
12.276,0,0.2
12.277,0,0.2
12.277,0,0.2
12.277,0,0.2
12.277,0,0.2
12.277,0,0.2
12.278,0,0.2
12.278,0,0.2
12.278,0,0.2
12.278,0,0.2
12.278,0,0.2
12.279,0,0.2
12.279,0,0.2
12.279,0,0.2
12.279,0,0.2
12.279,0,0.3
12.280,0,0.2
12.280,0,0.2
12.280,0,0.2
12.280,0,0.2
12.281,0,0.2
12.281,0,0.2
12.281,0,0.2
12.281,0,0.3
12.281,0,0.2
12.282,0,0.3
12.282,0,0.4
12.282,0,0.3
12.283,0,0.3
12.283,0,0.2
12.283,0,0.2
12.283,0,0.3
12.283,0,0.2
12.284,0,0.2
12.284,0,0.2
12.284,0,0.2
12.284,0,0.2
12.285,0,0.2
12.285,0,0.2
12.285,0,0.2
12.285,0,0.2
12.285,0,0.2
12.286,0,0.2
12.286,0,0.2
12.286,0,0.2
12.286,0,0.2
12.286,0,0.2
12.287,0,0.2
12.287,0,0.2
12.287,0,0.2
12.287,0,0.2
12.287,0,0.2
12.287,0,0.2
12.288,0,0.2
12.288,0,0.2
12.288,0,0.2
12.288,0,0.2
12.288,0,0.2
12.289,0,0.2
12.289,0,0.2
12.289,0,0.2
12.289,0,0.3
12.289,0,0.2
12.291,0,1.6
12.291,0,0.3
12.292,0,0.2
12.292,0,0.2
12.292,0,0.2
12.292,0,0.2
12.293,0,0.2
12.293,0,0.2
12.293,0,0.2
12.293,0,0.2
12.293,0,0.2
12.294,0,0.2
12.294,0,0.2
12.294,0,0.2
12.294,0,0.2
12.295,0,0.2
12.295,0,0.2
12.295,0,0.2
12.295,0,0.3
12.296,0,0.2
12.296,0,0.3
12.296,0,0.3
12.296,0,0.3
12.297,0,0.2
12.297,0,0.2
12.297,0,0.2
12.297,0,0.2
12.298,0,0.2
12.298,0,0.2
12.298,0,0.2
12.298,0,0.2
12.299,0,0.2
12.299,0,0.2
12.299,0,0.2
12.299,0,0.2
12.299,0,0.2
12.300,0,0.2
12.300,0,0.2
12.300,0,0.2
12.300,0,0.2
12.301,0,0.2
12.301,0,0.2
12.301,0,0.2
12.301,0,0.2
12.301,0,0.2
12.302,0,0.2
12.302,0,0.2
12.302,0,0.2
12.302,0,0.2
12.303,0,0.2
12.303,0,0.2
12.303,0,0.2
12.303,0,0.2
12.303,0,0.2
12.304,0,0.2
12.304,0,0.2
12.304,0,0.2
12.304,0,0.3
12.305,0,0.2
12.305,0,0.2
12.305,0,0.2
12.305,0,0.2
12.305,0,0.2
12.306,0,0.2
12.306,0,0.2
12.306,0,0.2
12.306,0,0.2
12.307,0,0.2
12.307,0,0.2
12.307,0,0.2
12.307,0,0.2
12.308,0,0.4
12.308,0,0.2
12.308,0,0.2
12.308,0,0.3
12.309,0,0.2
12.309,0,0.3
12.309,0,0.2
12.309,0,0.2
12.310,0,0.2
12.310,0,0.2
12.310,0,0.2
12.310,0,0.2
12.310,0,0.2
12.311,0,0.2
12.311,0,0.2
12.311,0,0.2
12.311,0,0.2
12.311,0,0.2
12.312,0,0.2
12.312,0,0.2
12.312,0,0.2
12.312,0,0.2
12.312,0,0.3
12.313,0,0.2
12.313,0,0.2
12.313,0,0.2
12.313,0,0.3
12.314,0,0.2
12.314,0,0.2
12.314,0,0.2
12.314,0,0.2
12.314,0,0.2
12.315,0,0.2
12.315,0,0.2
12.315,0,0.2
12.315,0,0.2
12.315,0,0.2
12.315,0,0.2
12.316,0,0.2
12.316,0,0.2
12.316,0,0.2
12.316,0,0.2
12.316,0,0.2
12.317,0,0.2
12.317,0,0.2
12.317,0,0.2
12.317,0,0.2
12.317,0,0.2
12.318,0,0.2
12.318,0,0.2
12.318,0,0.2
12.318,0,0.2
12.318,0,0.2
12.318,0,0.2
12.319,0,0.2
12.319,0,0.2
12.319,0,0.2
12.319,0,0.2
12.319,0,0.2
12.320,0,0.2
12.320,0,0.2
12.320,0,0.2
12.320,0,0.2
12.320,0,0.2
12.321,0,0.2
12.321,0,0.2
12.321,0,0.2
12.321,0,0.3
12.321,0,0.2
12.322,0,0.2
12.322,0,0.2
12.322,0,0.2
12.322,0,0.2
12.323,0,0.2
12.323,0,0.2
12.323,0,0.4
12.323,0,0.2
12.324,0,0.3
12.324,0,0.2
12.324,0,0.2
12.324,0,0.2
12.325,0,0.2
12.325,0,0.2
12.325,0,0.2
12.325,0,0.2
12.325,0,0.2
12.326,0,0.2
12.326,0,0.2
12.326,0,0.2
12.326,0,0.2
12.326,0,0.2
12.327,0,0.2
12.327,0,0.2
12.327,0,0.2
12.327,0,0.2
12.327,0,0.2
12.328,0,0.2
12.328,0,0.2
12.328,0,0.2
12.328,0,0.2
12.329,0,0.2
12.329,0,0.2
12.329,0,0.2
12.329,0,0.2
12.329,0,0.2
12.330,0,0.2
12.330,0,0.2
12.330,0,0.2
12.330,0,0.2
12.330,0,0.2
12.331,0,0.2
12.331,0,0.2
12.331,0,0.2
12.331,0,0.2
12.331,0,0.2
12.332,0,0.2
12.332,0,0.2
12.332,0,0.2
12.332,0,0.2
12.332,0,0.3
12.333,0,0.2
12.333,0,0.2
12.333,0,0.2
12.333,0,0.2
12.334,0,0.2
12.334,0,0.2
12.334,0,0.2
12.334,0,0.2
12.334,0,0.2
12.335,0,0.2
12.335,0,0.2
12.335,0,0.3
12.335,0,0.2
12.335,0,0.2
12.336,0,0.2
12.336,0,0.2
12.336,0,0.2
12.336,0,0.3
12.337,0,0.2
12.337,0,0.2
12.337,0,0.2
12.337,0,0.2
12.337,0,0.2
12.338,0,0.2
12.338,0,0.2
12.338,0,0.2
12.338,0,0.2
12.338,0,0.3
12.339,0,0.2
12.339,0,0.2
12.339,0,0.2
12.339,0,0.2
12.340,0,0.2
12.340,0,0.2
12.340,0,0.2
12.340,0,0.2
12.340,0,0.2
12.341,0,0.4
12.341,0,0.3
12.341,0,0.3
12.342,0,0.2
12.342,0,0.2
12.342,0,0.2
12.342,0,0.2
12.342,0,0.2
12.343,0,0.2
12.343,0,0.2
12.343,0,0.2
12.343,0,0.2
12.343,0,0.2
12.344,0,0.2
12.344,0,0.2
12.346,0,1.6
12.347,0,1.0
12.347,0,0.2
12.347,0,0.2
12.347,0,0.2
12.347,0,0.2
12.348,0,0.2
12.348,0,0.2
12.348,0,0.2
12.348,0,0.2
12.349,0,0.2
12.349,0,0.2
12.349,0,0.2
12.349,0,0.2
12.349,0,0.2
12.350,0,0.2
12.350,0,0.2
12.350,0,0.2
12.350,0,0.2
12.350,0,0.2
12.351,0,0.2
12.351,0,0.2
12.351,0,0.2
12.351,0,0.2
12.352,0,0.2
12.352,0,0.2
12.352,0,0.2
12.352,0,0.3
12.352,0,0.2
12.353,0,0.3
12.353,0,0.4
12.353,0,0.2
12.354,0,0.2
12.354,0,0.2
12.354,0,0.2
12.354,0,0.2
12.354,0,0.2
12.355,0,0.2
12.355,0,0.2
12.355,0,0.2
12.355,0,0.2
12.356,0,0.2
12.356,0,0.2
12.356,0,0.2
12.356,0,0.3
12.357,0,0.2
12.357,0,0.2
12.357,0,0.2
12.357,0,0.3
12.358,0,0.2
12.358,0,0.2
12.358,0,0.2
12.358,0,0.2
12.358,0,0.2
12.359,0,0.2
12.359,0,0.2
12.359,0,0.2
12.359,0,0.2
12.359,0,0.2
12.360,0,0.2
12.360,0,0.2
12.360,0,0.2
12.360,0,0.2
12.361,0,0.2
12.361,0,0.2
12.361,0,0.2
12.361,0,0.2
12.361,0,0.2
12.362,0,0.2
12.362,0,0.2
12.362,0,0.2
12.362,0,0.2
12.362,0,0.2
12.363,0,0.2
12.363,0,0.2
12.363,0,0.2
12.363,0,0.2
12.364,0,0.2
12.364,0,0.2
12.364,0,0.2
12.364,0,0.2
12.364,0,0.2
12.365,0,0.2
12.365,0,0.2
12.365,0,0.2
12.365,0,0.2
12.365,0,0.2
12.366,0,0.2
12.366,0,0.2
12.366,0,0.2
12.366,0,0.2
12.367,0,0.2
12.367,0,0.2
12.367,0,0.2
12.367,0,0.2
12.367,0,0.2
12.368,0,0.2
12.368,0,0.2
12.368,0,0.2
12.368,0,0.2
12.369,0,0.2
12.369,0,0.2
12.369,0,0.2
12.369,0,0.2
12.369,0,0.2
12.370,0,0.2
12.370,0,0.2
12.370,0,0.2
12.370,0,0.2
12.370,0,0.3
12.371,0,0.3
12.371,0,0.2
12.371,0,0.2
12.371,0,0.2
12.372,0,0.2
12.372,0,0.2
12.372,0,0.2
12.372,0,0.2
12.372,0,0.2
12.373,0,0.2
12.373,0,0.2
12.373,0,0.2
12.373,0,0.2
12.373,0,0.2
12.374,0,0.2
12.374,0,0.2
12.374,0,0.2
12.374,0,0.2
12.375,0,0.2
12.375,0,0.2
12.375,0,0.2
12.375,0,0.2
12.375,0,0.2
12.376,0,0.2
12.376,0,0.2
12.376,0,0.2
12.376,0,0.3
12.377,0,0.2
12.377,0,0.2
12.377,0,0.2
12.377,0,0.2
12.378,0,0.2
12.378,0,0.2
12.378,0,0.2
12.378,0,0.2
12.378,0,0.3
12.379,0,0.2
12.379,0,0.2
12.379,0,0.2
12.379,0,0.3
12.380,0,0.2
12.380,0,0.2
12.380,0,0.2
12.380,0,0.3
12.381,0,0.2
12.381,0,0.3
12.381,0,0.3
12.381,0,0.3
12.382,0,0.2
12.382,0,0.2
12.382,0,0.2
12.383,0,0.4
12.384,0,1.6
12.386,0,1.7
12.386,0,0.2
12.386,0,0.3
12.387,0,0.3
12.388,0,1.6
12.388,0,0.3
12.389,0,0.3
12.389,0,0.3
12.389,0,0.2
12.390,0,1.2
12.392,0,1.5
12.392,0,0.3
12.393,0,0.3
12.393,0,0.2
12.393,0,0.2
12.394,0,0.9
12.397,0,2.9
12.397,0,0.4
12.399,0,1.5
12.399,0,0.9
12.400,0,0.8
12.402,0,1.5
12.403,0,1.1
12.405,0,2.6
12.407,0,1.1
12.408,0,1.4
12.409,0,1.5
12.410,0,0.3
12.410,0,0.3
12.412,0,1.5
12.413,0,1.1
12.413,0,0.3
12.413,0,0.2
12.413,0,0.2
12.414,0,0.2
12.414,0,0.2
12.414,0,0.3
12.414,0,0.3
12.415,0,0.2
12.415,0,0.2
12.415,0,0.2
12.415,0,0.2
12.416,0,0.2
12.416,0,0.2
12.416,0,0.3
12.416,0,0.3
12.417,0,0.2
12.417,0,0.2
12.417,0,0.2
12.417,0,0.2
12.418,0,0.2
12.418,0,0.2
12.418,0,0.2
12.418,0,0.2
12.418,0,0.2
12.419,0,0.2
12.419,0,0.3
12.419,0,0.2
12.419,0,0.2
12.420,0,0.2
12.420,0,0.2
12.420,0,0.2
12.420,0,0.3
12.421,0,0.2
12.421,0,0.2
12.421,0,0.2
12.421,0,0.3
12.422,0,0.2
12.422,0,0.2
12.422,0,0.2
12.422,0,0.2
12.423,0,0.2
12.423,0,0.2
12.423,0,0.2
12.423,0,0.2
12.423,0,0.2
12.424,0,0.2
12.424,0,0.2
12.424,0,0.2
12.424,0,0.2
12.424,0,0.3
12.425,0,0.2
12.426,0,1.5
12.426,0,0.3
12.427,0,0.3
12.427,0,0.3
12.427,0,0.3
12.428,0,0.4
12.428,0,0.2
12.428,0,0.2
12.428,0,0.2
12.429,0,0.2
12.429,0,0.2
12.429,0,0.2
12.429,0,0.2
12.429,0,0.2
12.429,0,0.2
12.430,0,0.2
12.430,0,0.2
12.430,0,0.2
12.430,0,0.2
12.430,0,0.3
12.431,0,0.2
12.431,0,0.2
12.431,0,0.2
12.431,0,0.3
12.432,0,0.2
12.432,0,0.2
12.432,0,0.2
12.432,0,0.3
12.433,0,0.2
12.433,0,0.2
12.433,0,0.2
12.433,0,0.2
12.433,0,0.2
12.433,0,0.2
12.434,0,0.2
12.434,0,0.2
12.434,0,0.2
12.434,0,0.2
12.434,0,0.2
12.435,0,0.2
12.435,0,0.2
12.435,0,0.2
12.435,0,0.2
12.435,0,0.3
12.436,0,1.1
12.437,0,0.2
12.437,0,0.2
12.437,0,0.2
12.437,0,0.2
12.437,0,0.2
12.438,0,0.2
12.438,0,0.2
12.438,0,0.2
12.438,0,0.2
12.438,0,0.2
12.438,0,0.2
12.439,0,0.2
12.439,0,0.2
12.439,0,0.2
12.439,0,0.2
12.439,0,0.2
12.439,0,0.2
12.440,0,0.2
12.440,0,0.2
12.440,0,0.2
12.440,0,0.2
12.440,0,0.2
12.441,0,0.2
12.441,0,0.2
12.441,0,0.2
12.441,0,0.3
12.441,0,0.2
12.442,0,0.2
12.442,0,0.2
12.442,0,0.2
12.443,0,1.4
12.444,0,0.3
12.444,0,0.2
12.444,0,0.2
12.444,0,0.2
12.444,0,0.2
12.445,0,0.2
12.445,0,0.2
12.445,0,0.2
12.445,0,0.2
12.445,0,0.2
12.446,0,0.2
12.446,0,0.2
12.446,0,0.2
12.446,0,0.2
12.446,0,0.2
12.447,0,0.2
12.447,0,0.2
12.447,0,0.2
12.447,0,0.2
12.447,0,0.3
12.448,0,0.2
12.448,0,0.2
12.448,0,0.2
12.449,0,0.9
12.449,0,0.2
12.449,0,0.2
12.450,0,0.2
12.450,0,0.2
12.450,0,0.2
12.450,0,0.2
12.451,0,0.2
12.451,0,0.2
12.451,0,0.3
12.451,0,0.2
12.452,0,0.3
12.452,0,0.2
12.452,0,0.2
12.452,0,0.3
12.453,0,0.2
12.453,0,0.3
12.453,0,0.3
12.453,0,0.3
12.454,0,0.3
12.454,0,0.3
12.454,0,0.3
12.454,0,0.3
12.455,0,0.3
12.455,0,0.3
12.455,0,0.3
12.456,0,0.5
12.457,0,1.8
12.459,0,1.6
12.460,0,1.4
12.461,0,0.3
12.461,0,0.2
12.461,0,0.2
12.461,0,0.3
12.462,0,0.3
12.462,0,0.2
12.462,0,0.2
12.462,0,0.2
12.463,0,0.2
12.463,0,0.2
12.463,0,0.3
12.463,0,0.2
12.464,0,0.3
12.464,0,0.2
12.465,0,1.5
12.466,0,0.2
12.466,0,0.2
12.466,0,0.2
12.466,0,0.2
12.466,0,0.2
12.467,0,0.2
12.467,0,0.2
12.467,0,0.3
12.467,0,0.3
12.469,0,1.6
12.470,0,0.8
12.470,0,0.3
12.470,0,0.2
12.471,0,0.2
12.471,0,0.2
12.471,0,0.2
12.471,0,0.2
12.472,0,0.2
12.472,0,0.3
12.472,0,0.2
12.472,0,0.3
12.473,0,0.4
12.474,0,1.6
12.476,0,1.2
12.476,0,0.3
12.476,0,0.2
12.478,0,1.5
12.478,0,0.3
12.478,0,0.2
12.478,0,0.2
12.479,0,0.2
12.479,0,0.2
12.479,0,0.2
12.479,0,0.2
12.480,0,0.2
12.480,0,0.2
12.480,0,0.2
12.480,0,0.2
12.480,0,0.2
12.481,0,0.2
12.481,0,0.2
12.481,0,0.2
12.482,0,1.3
12.483,0,0.7
12.484,0,0.5
12.485,0,0.9
12.486,0,1.1
12.486,0,0.3
12.486,0,0.3
12.488,0,1.5
12.489,0,1.6
12.490,0,0.3
12.490,0,0.2
12.490,0,0.2
12.490,0,0.3
12.491,0,0.3
12.491,0,0.3
12.491,0,0.3
12.491,0,0.3
12.493,0,1.6
12.493,0,0.3
12.494,0,0.2
12.494,0,0.2
12.495,0,1.5
12.496,0,0.4
12.496,0,0.3
12.496,0,0.4
12.497,0,0.3
12.497,0,0.3
12.497,0,0.3
12.497,0,0.2
12.498,0,0.3
12.498,0,0.4
12.498,0,0.2
12.499,0,0.2
12.499,0,0.4
12.499,0,0.2
12.501,0,1.6
12.502,0,1.5
12.503,0,0.2
12.504,0,1.3
12.504,0,0.3
12.505,0,0.6
12.506,0,1.5
12.507,0,0.5
12.507,0,0.4
12.508,0,0.4
12.509,0,1.0
12.510,0,1.7
12.511,0,0.9
12.511,0,0.2
12.512,0,0.2
12.512,0,0.2
12.513,0,0.9
12.514,0,1.2
12.514,0,0.3
12.514,0,0.2
12.515,0,0.2
12.515,0,0.2
12.515,0,0.2
12.515,0,0.3
12.516,0,0.2
12.516,0,0.4
12.518,0,2.0
12.518,0,0.4
12.519,0,1.1
12.520,0,0.2
12.520,0,0.2
12.520,0,0.2
12.520,0,0.3
12.521,0,0.5
12.522,0,0.8
12.522,0,0.2
12.523,0,1.2
12.523,0,0.3
12.524,0,0.2
12.524,0,0.2
12.524,0,0.2
12.524,0,0.3
12.525,0,0.4
12.525,0,0.2
12.525,0,0.2
12.525,0,0.2
12.526,0,0.3
12.526,0,0.2
12.526,0,0.2
12.526,0,0.2
12.530,0,3.4
12.530,0,0.3
12.530,0,0.2
12.531,0,0.3
12.531,0,0.2
12.531,0,0.2
12.531,0,0.2
12.531,0,0.2
12.532,0,0.2
12.532,0,0.2
12.532,0,0.2
12.532,0,0.3
12.533,0,0.2
12.534,0,1.4
12.534,0,0.3
12.535,0,0.3
12.535,0,0.3
12.535,0,0.3
12.535,0,0.3
12.536,0,0.2
12.536,0,0.2
12.539,0,2.8
12.539,0,0.3
12.539,0,0.2
12.541,0,1.6
12.541,0,0.3
12.541,0,0.3
12.542,0,0.2
12.543,0,1.5
12.544,0,0.5
12.545,0,1.5
12.546,0,0.4
12.546,0,0.2
12.546,0,0.2
12.546,0,0.3
12.546,0,0.3
12.547,0,0.2
12.547,0,0.2
12.547,0,0.2
12.547,0,0.2
12.548,0,0.2
12.548,0,0.2
12.548,0,0.2
12.548,0,0.3
12.549,0,0.2
12.549,0,0.3
12.549,0,0.3
12.549,0,0.2
12.550,0,0.2
12.550,0,0.2
12.550,0,0.2
12.550,0,0.2
12.551,0,0.2
12.551,0,0.2
12.551,0,0.2
12.551,0,0.2
12.551,0,0.2
12.552,0,0.2
12.552,0,0.2
12.552,0,0.2
12.552,0,0.2
12.552,0,0.3
12.554,0,1.5
12.556,0,1.6
12.557,0,1.9
12.558,0,0.3
12.558,0,0.2
12.558,0,0.2
12.560,0,1.6
12.560,0,0.2
12.560,0,0.3
12.563,0,2.6
12.563,0,0.4
12.565,0,1.6
12.565,0,0.4
12.567,0,1.6
12.567,0,0.3
12.569,0,1.6
12.569,0,0.3
12.570,0,1.4
12.571,0,0.3
12.571,0,0.4
12.571,0,0.3
12.572,0,0.3
12.573,0,1.5
12.573,0,0.3
12.575,0,1.4
12.575,0,0.3
12.576,0,0.9
12.576,0,0.3
12.579,0,2.5
12.580,0,1.6
12.582,0,1.6
12.584,0,1.6
12.584,0,0.3
12.587,0,2.8
12.588,0,0.9
12.588,0,0.2
12.589,0,1.0
12.589,0,0.2
12.590,0,1.1
12.590,0,0.3
12.592,0,1.3
12.592,0,0.3
12.593,0,1.6
12.594,0,0.5
12.594,0,0.2
12.596,0,1.5
12.597,0,1.4
12.599,0,1.5
12.599,0,0.2
12.599,0,0.2
12.599,0,0.2
12.599,0,0.2
12.600,0,0.2
12.600,0,0.2
12.600,0,0.2
12.600,0,0.2
12.600,0,0.2
12.600,0,0.2
12.601,0,0.2
12.601,0,0.2
12.601,0,0.2
12.601,0,0.4
12.602,0,0.2
12.602,0,0.2
12.602,0,0.2
12.602,0,0.2
12.603,0,0.2
12.603,0,0.2
12.604,0,1.4
12.606,0,1.5
12.607,0,1.5
12.607,0,0.3
12.608,0,0.2
12.608,0,0.3
12.608,0,0.2
12.610,0,1.3
12.610,0,0.2
12.610,0,0.2
12.610,0,0.2
12.610,0,0.2
12.611,0,0.2
12.611,0,0.2
12.611,0,0.2
12.611,0,0.2
12.611,0,0.2
12.612,0,0.2
12.612,0,0.2
12.612,0,0.2
12.612,0,0.3
12.613,0,0.2
12.613,0,0.3
12.613,0,0.2
12.613,0,0.2
12.613,0,0.2
12.614,0,0.2
12.614,0,0.2
12.614,0,0.3
12.614,0,0.2
12.615,0,0.2
12.615,0,0.2
12.615,0,0.4
12.615,0,0.2
12.616,0,0.2
12.616,0,0.2
12.616,0,0.2
12.617,0,1.2
12.619,0,1.7
12.620,0,1.0
12.621,0,0.9
12.622,0,1.6
12.623,0,0.5
12.623,0,0.2
12.623,0,0.2
12.624,0,0.2
12.624,0,0.3
12.624,0,0.2
12.624,0,0.2
12.624,0,0.2
12.625,0,0.2
12.625,0,0.2
12.625,0,0.2
12.625,0,0.2
12.625,0,0.2
12.626,0,0.2
12.626,0,0.2
12.626,0,0.2
12.626,0,0.2
12.626,0,0.2
12.627,0,0.3
12.627,0,0.2
12.627,0,0.2
12.627,0,0.2
12.628,0,0.2
12.628,0,0.2
12.628,0,0.2
12.628,0,0.3
12.630,0,1.2
12.630,0,0.3
12.630,0,0.2
12.630,0,0.2
12.631,0,0.2
12.631,0,0.2
12.631,0,0.2
12.631,0,0.2
12.631,0,0.2
12.631,0,0.2
12.632,0,0.4
12.632,0,0.2
12.632,0,0.2
12.632,0,0.2
12.633,0,0.2
12.633,0,0.2
12.633,0,0.2
12.633,0,0.2
12.633,0,0.2
12.634,0,0.2
12.634,0,0.2
12.634,0,0.2
12.634,0,0.2
12.634,0,0.3
12.635,0,0.2
12.635,0,0.2
12.635,0,0.2
12.635,0,0.2
12.635,0,0.2
12.635,0,0.2
12.636,0,0.2
12.636,0,0.2
12.636,0,0.2
12.636,0,0.3
12.637,0,0.2
12.637,0,0.2
12.637,0,0.2
12.637,0,0.3
12.638,0,0.2
12.638,0,0.2
12.638,0,0.2
12.638,0,0.2
12.638,0,0.2
12.638,0,0.2
12.639,0,0.2
12.639,0,0.2
12.639,0,0.2
12.639,0,0.2
12.639,0,0.2
12.640,0,0.2
12.640,0,0.2
12.640,0,0.2
12.640,0,0.3
12.641,0,0.2
12.641,0,0.3
12.641,0,0.2
12.641,0,0.2
12.641,0,0.2
12.642,0,0.2
12.642,0,0.2
12.642,0,0.2
12.642,0,0.2
12.642,0,0.2
12.642,0,0.2
12.643,0,0.2
12.643,0,0.2
12.643,0,0.2
12.643,0,0.2
12.643,0,0.2
12.644,0,0.2
12.644,0,0.2
12.644,0,0.2
12.644,0,0.2
12.644,0,0.2
12.645,0,0.2
12.645,0,0.2
12.645,0,0.2
12.645,0,0.2
12.645,0,0.2
12.646,0,0.2
12.647,0,1.4
12.647,0,0.2
12.647,0,0.2
12.648,0,0.2
12.648,0,0.2
12.648,0,0.2
12.648,0,0.2
12.648,0,0.2
12.648,0,0.2
12.649,0,0.2
12.649,0,0.2
12.649,0,0.2
12.649,0,0.2
12.649,0,0.2
12.650,0,0.2
12.650,0,0.2
12.650,0,0.2
12.650,0,0.2
12.650,0,0.2
12.651,0,0.2
12.651,0,0.2
12.651,0,0.2
12.651,0,0.2
12.651,0,0.2
12.652,0,0.2
12.652,0,0.2
12.652,0,0.2
12.652,0,0.2
12.652,0,0.2
12.653,0,0.2
12.653,0,0.2
12.653,0,0.2
12.653,0,0.2
12.653,0,0.2
12.653,0,0.2
12.654,0,0.2
12.654,0,0.2
12.654,0,0.2
12.654,0,0.2
12.654,0,0.2
12.655,0,0.2
12.655,0,0.2
12.655,0,0.2
12.655,0,0.2
12.655,0,0.2
12.656,0,0.2
12.656,0,0.2
12.656,0,0.3
12.656,0,0.2
12.657,0,0.2
12.657,0,0.2
12.657,0,0.2
12.657,0,0.2
12.657,0,0.2
12.658,0,0.2
12.658,0,0.2
12.658,0,0.2
12.658,0,0.2
12.658,0,0.2
12.659,0,0.2
12.659,0,0.2
12.659,0,0.2
12.659,0,0.2
12.659,0,0.2
12.659,0,0.2
12.660,0,0.2
12.660,0,0.2
12.660,0,0.2
12.660,0,0.2
12.660,0,0.2
12.661,0,0.2
12.661,0,0.2
12.661,0,0.2
12.661,0,0.2
12.661,0,0.2
12.662,0,0.2
12.662,0,0.2
12.662,0,0.2
12.662,0,0.4
12.663,0,0.2
12.663,0,0.2
12.663,0,0.4
12.663,0,0.2
12.664,0,0.2
12.664,0,0.2
12.664,0,0.2
12.664,0,0.3
12.665,0,0.2
12.665,0,0.2
12.665,0,0.2
12.665,0,0.2
12.665,0,0.2
12.666,0,0.2
12.666,0,0.2
12.666,0,0.2
12.666,0,0.2
12.666,0,0.2
12.667,0,0.2
12.667,0,0.2
12.667,0,0.2
12.667,0,0.2
12.667,0,0.2
12.668,0,0.2
12.668,0,0.2
12.668,0,0.2
12.668,0,0.2
12.668,0,0.2
12.668,0,0.2
12.669,0,0.2
12.669,0,0.2
12.669,0,0.2
12.669,0,0.2
12.669,0,0.2
12.670,0,0.2
12.670,0,0.2
12.670,0,0.2
12.670,0,0.2
12.670,0,0.2
12.670,0,0.2
12.671,0,0.2
12.671,0,0.2
12.671,0,0.2
12.671,0,0.2
12.671,0,0.2
12.671,0,0.2
12.672,0,0.2
12.672,0,0.2
12.672,0,0.2
12.672,0,0.2
12.672,0,0.2
12.673,0,0.2
12.673,0,0.2
12.673,0,0.2
12.673,0,0.2
12.673,0,0.2
12.673,0,0.2
12.674,0,0.2
12.674,0,0.2
12.674,0,0.2
12.674,0,0.2
12.674,0,0.2
12.674,0,0.2
12.675,0,0.2
12.675,0,0.2
12.675,0,0.2
12.675,0,0.2
12.675,0,0.2
12.675,0,0.2
12.676,0,0.2
12.676,0,0.2
12.676,0,0.2
12.676,0,0.2
12.677,0,0.3
12.677,0,0.2
12.677,0,0.2
12.677,0,0.3
12.678,0,0.2
12.678,0,0.2
12.678,0,0.2
12.678,0,0.2
12.678,0,0.2
12.679,0,0.2
12.679,0,0.2
12.679,0,0.2
12.679,0,0.4
12.679,0,0.2
12.680,0,0.2
12.680,0,0.2
12.680,0,0.2
12.680,0,0.3
12.681,0,0.2
12.681,0,0.2
12.681,0,0.2
12.681,0,0.2
12.681,0,0.2
12.682,0,0.2
12.682,0,0.2
12.683,0,1.4
12.683,0,0.2
12.684,0,0.2
12.684,0,0.2
12.684,0,0.2
12.684,0,0.2
12.684,0,0.2
12.684,0,0.2
12.685,0,0.2
12.685,0,0.2
12.685,0,0.2
12.685,0,0.2
12.685,0,0.2
12.686,0,0.2
12.686,0,0.2
12.686,0,0.2
12.686,0,0.2
12.686,0,0.2
12.687,0,0.2
12.687,0,0.2
12.687,0,0.2
12.687,0,0.2
12.687,0,0.2
12.688,0,0.2
12.688,0,0.2
12.688,0,0.2
12.688,0,0.2
12.688,0,0.2
12.689,0,0.2
12.689,0,0.2
12.689,0,0.2
12.689,0,0.2
12.689,0,0.2
12.689,0,0.2
12.690,0,0.2
12.690,0,0.2
12.690,0,0.2
12.691,0,1.5
12.692,0,0.2
12.692,0,0.2
12.692,0,0.2
12.692,0,0.3
12.693,0,0.2
12.693,0,0.2
12.693,0,0.3
12.693,0,0.2
12.693,0,0.2
12.694,0,0.2
12.694,0,0.2
12.694,0,0.2
12.694,0,0.2
12.694,0,0.2
12.695,0,0.2
12.695,0,0.2
12.695,0,0.2
12.695,0,0.2
12.695,0,0.2
12.696,0,0.2
12.696,0,0.2
12.696,0,0.2
12.696,0,0.2
12.696,0,0.2
12.697,0,0.2
12.697,0,0.2
12.697,0,0.2
12.697,0,0.2
12.697,0,0.2
12.697,0,0.2
12.698,0,0.2
12.698,0,0.2
12.698,0,0.2
12.700,0,1.5
12.700,0,0.2
12.700,0,0.2
12.701,0,0.7
12.701,0,0.3
12.701,0,0.2
12.701,0,0.2
12.702,0,0.2
12.702,0,0.2
12.702,0,0.3
12.702,0,0.2
12.703,0,0.2
12.703,0,0.7
12.704,0,0.2
12.704,0,0.3
12.704,0,0.3
12.705,0,0.4
12.705,0,0.3
12.705,0,0.2
12.705,0,0.2
12.706,0,0.2
12.706,0,0.3
12.706,0,0.6
12.707,0,1.0
12.708,0,0.3
12.708,0,0.2
12.708,0,0.2
12.708,0,0.2
12.709,0,0.2
12.709,0,0.2
12.709,0,0.3
12.710,0,0.4
12.710,0,0.3
12.710,0,0.2
12.710,0,0.2
12.710,0,0.2
12.711,0,0.2
12.711,0,0.2
12.711,0,0.3
12.711,0,0.2
12.712,0,0.2
12.712,0,0.2
12.712,0,0.2
12.712,0,0.4
12.713,0,0.3
12.713,0,0.4
12.715,0,1.6
12.715,0,0.4
12.715,0,0.3
12.716,0,0.3
12.717,0,1.4
12.717,0,0.3
12.718,0,0.2
12.718,0,0.3
12.718,0,0.2
12.718,0,0.2
12.719,0,0.2
12.719,0,0.2
12.720,0,1.0
12.720,0,0.3
12.720,0,0.3
12.721,0,0.3
12.721,0,0.3
12.722,0,1.4
12.723,0,0.2
12.723,0,0.2
12.723,0,0.2
12.723,0,0.2
12.724,0,0.2
12.724,0,0.2
12.724,0,0.2
12.724,0,0.2
12.725,0,1.0
12.725,0,0.2
12.726,0,0.2
12.726,0,0.2
12.726,0,0.2
12.726,0,0.2
12.726,0,0.2
12.727,0,0.3
12.727,0,0.2
12.727,0,0.2
12.727,0,0.2
12.728,0,0.2
12.728,0,0.2
12.728,0,0.2
12.728,0,0.2
12.728,0,0.2
12.729,0,0.2
12.729,0,0.2
12.729,0,0.2
12.729,0,0.2
12.729,0,0.2
12.730,0,0.2
12.730,0,0.2
12.730,0,0.2
12.730,0,0.2
12.730,0,0.2
12.731,0,0.2
12.731,0,0.2
12.731,0,0.2
12.731,0,0.2
12.731,0,0.2
12.732,0,0.2
12.732,0,0.2
12.732,0,0.2
12.732,0,0.2
12.732,0,0.2
12.733,0,0.2
12.733,0,0.2
12.733,0,0.2
12.733,0,0.2
12.734,0,0.2
12.734,0,0.2
12.734,0,0.2
12.734,0,0.2
12.734,0,0.2
12.734,0,0.2
12.735,0,0.2
12.735,0,0.2
12.735,0,0.2
12.735,0,0.2
12.736,0,0.2
12.736,0,0.2
12.736,0,0.2
12.736,0,0.2
12.736,0,0.2
12.737,0,0.2
12.737,0,0.2
12.737,0,0.2
12.737,0,0.2
12.738,0,0.2
12.738,0,0.2
12.738,0,0.2
12.738,0,0.2
12.738,0,0.2
12.739,0,0.2
12.739,0,0.2
12.739,0,0.2
12.739,0,0.2
12.739,0,0.2
12.739,0,0.2
12.740,0,0.2
12.740,0,0.2
12.740,0,0.2
12.740,0,0.2
12.740,0,0.2
12.741,0,0.2
12.741,0,0.2
12.741,0,0.2
12.741,0,0.2
12.741,0,0.2
12.742,0,0.3
12.742,0,0.2
12.742,0,0.2
12.742,0,0.2
12.742,0,0.2
12.742,0,0.2
12.743,0,0.2
12.743,0,0.2
12.743,0,0.2
12.743,0,0.2
12.743,0,0.2
12.744,0,0.2
12.744,0,0.2
12.744,0,0.2
12.744,0,0.2
12.744,0,0.1
12.744,0,0.2
12.744,0,0.2
12.745,0,0.1
12.745,0,0.1
12.745,0,0.2
12.745,0,0.2
12.745,0,0.2
12.745,0,0.2
12.746,0,0.1
12.746,0,0.2
12.746,0,0.1
12.746,0,0.1
12.746,0,0.2
12.746,0,0.2
12.747,0,0.2
12.747,0,0.2
12.747,0,0.1
12.747,0,0.1
12.747,0,0.1
12.747,0,0.1
12.747,0,0.1
12.747,0,0.1
12.748,0,0.1
12.748,0,0.1
12.748,0,0.1
12.748,0,0.1
12.748,0,0.2
12.748,0,0.2
12.748,0,0.2
12.749,0,0.1
12.749,0,0.1
12.749,0,0.1
12.749,0,0.1
12.749,0,0.2
12.749,0,0.2
12.750,0,0.1
12.750,0,0.1
12.750,0,0.1
12.750,0,0.1
12.750,0,0.1
12.750,0,0.1
12.750,0,0.1
12.750,0,0.1
12.751,0,0.1
12.751,0,0.1
12.751,0,0.1
12.751,0,0.1
12.751,0,0.1
12.751,0,0.1
12.751,0,0.1
12.752,0,0.1
12.752,0,0.1
12.752,0,0.1
12.752,0,0.1
12.752,0,0.1
12.752,0,0.2
12.752,0,0.2
12.753,0,0.1
12.753,0,0.1
12.753,0,0.2
12.753,0,0.1
12.753,0,0.2
12.753,0,0.1
12.753,0,0.2
12.754,0,0.2
12.754,0,0.2
12.754,0,0.2
12.754,0,0.1
12.754,0,0.1
12.754,0,0.2
12.755,0,0.1
12.755,0,0.1
12.755,0,0.1
12.755,0,0.2
12.755,0,0.1
12.755,0,0.2
12.755,0,0.1
12.756,0,0.2
12.756,0,0.2
12.756,0,0.2
12.756,0,0.2
12.756,0,0.2
12.756,0,0.2
12.757,0,0.1
12.757,0,0.1
12.757,0,0.2
12.757,0,0.2
12.757,0,0.2
12.757,0,0.2
12.758,0,0.1
12.758,0,0.1
12.758,0,0.1
12.758,0,0.1
12.758,0,0.1
12.758,0,0.1
12.758,0,0.1
12.759,0,0.2
12.759,0,0.2
12.759,0,0.2
12.759,0,0.2
12.759,0,0.2
12.759,0,0.2
12.760,0,0.2
12.760,0,0.2
12.760,0,0.2
12.760,0,0.2
12.760,0,0.2
12.760,0,0.2
12.761,0,0.2
12.761,0,0.2
12.761,0,0.2
12.761,0,0.2
12.761,0,0.2
12.761,0,0.2
12.762,0,0.2
12.762,0,0.1
12.762,0,0.1
12.762,0,0.1
12.762,0,0.1
12.762,0,0.1
12.762,0,0.2
12.763,0,0.1
12.763,0,0.2
12.763,0,0.2
12.763,0,0.2
12.763,0,0.2
12.763,0,0.2
12.764,0,0.2
12.764,0,0.2
12.764,0,0.2
12.764,0,0.4
12.764,0,0.2
12.765,0,0.2
12.765,0,0.2
12.765,0,0.2
12.765,0,0.2
12.765,0,0.2
12.766,0,0.2
12.766,0,0.2
12.766,0,0.2
12.766,0,0.2
12.766,0,0.2
12.767,0,0.2
12.767,0,0.2
12.767,0,0.2
12.767,0,0.2
12.767,0,0.2
12.767,0,0.2
12.768,0,0.2
12.768,0,0.2
12.768,0,0.2
12.768,0,0.2
12.768,0,0.2
12.769,0,0.2
12.769,0,0.2
12.769,0,0.2
12.769,0,0.2
12.769,0,0.2
12.769,0,0.2
12.770,0,0.2
12.770,0,0.2
12.770,0,0.2
12.770,0,0.2
12.770,0,0.2
12.770,0,0.2
12.771,0,0.2
12.771,0,0.2
12.771,0,0.2
12.771,0,0.2
12.771,0,0.2
12.771,0,0.2
12.772,0,0.2
12.772,0,0.2
12.772,0,0.2
12.772,0,0.3
12.773,0,0.2
12.773,0,0.2
12.773,0,0.2
12.773,0,0.2
12.773,0,0.2
12.773,0,0.2
12.774,0,0.2
12.774,0,0.2
12.774,0,0.2
12.774,0,0.2
12.774,0,0.2
12.774,0,0.2
12.775,0,0.2
12.775,0,0.2
12.775,0,0.2
12.775,0,0.2
12.775,0,0.2
12.776,0,0.3
12.776,0,0.2
12.777,0,0.9
12.777,0,0.3
12.777,0,0.2
12.777,0,0.2
12.778,0,0.2
12.778,0,0.2
12.778,0,0.2
12.778,0,0.2
12.778,0,0.2
12.778,0,0.2
12.779,0,0.2
12.779,0,0.2
12.779,0,0.2
12.779,0,0.2
12.779,0,0.2
12.779,0,0.2
12.780,0,0.2
12.780,0,0.2
12.780,0,0.2
12.780,0,0.2
12.780,0,0.3
12.781,0,0.2
12.781,0,0.2
12.781,0,0.2
12.781,0,0.2
12.781,0,0.2
12.781,0,0.2
12.782,0,0.1
12.782,0,0.1
12.782,0,0.1
12.782,0,0.1
12.782,0,0.1
12.782,0,0.1
12.782,0,0.1
12.783,0,0.1
12.783,0,0.1
12.783,0,0.1
12.783,0,0.1
12.783,0,0.1
12.783,0,0.1
12.783,0,0.1
12.783,0,0.1
12.784,0,0.1
12.784,0,0.1
12.784,0,0.1
12.784,0,0.1
12.784,0,0.1
12.784,0,0.2
12.784,0,0.1
12.785,0,0.1
12.785,0,0.1
12.785,0,0.1
12.785,0,0.1
12.785,0,0.1
12.785,0,0.1
12.785,0,0.1
12.786,0,0.2
12.786,0,0.2
12.786,0,0.2
12.786,0,0.2
12.786,0,0.2
12.786,0,0.2
12.787,0,0.2
12.787,0,0.2
12.787,0,0.2
12.787,0,0.2
12.787,0,0.2
12.787,0,0.2
12.788,0,0.2
12.788,0,0.2
12.788,0,0.2
12.788,0,0.2
12.788,0,0.3
12.789,0,0.1
12.789,0,0.1
12.789,0,0.1
12.789,0,0.1
12.789,0,0.1
12.789,0,0.1
12.789,0,0.1
12.789,0,0.1
12.790,0,0.1
12.790,0,0.1
12.790,0,0.1
12.790,0,0.1
12.790,0,0.1
12.790,0,0.1
12.790,0,0.1
12.791,0,0.1
12.791,0,0.1
12.791,0,0.1
12.791,0,0.1
12.791,0,0.1
12.791,0,0.1
12.791,0,0.1
12.791,0,0.1
12.792,0,0.1
12.792,0,0.1
12.792,0,0.1
12.792,0,0.1
12.792,0,0.1
12.792,0,0.2
12.792,0,0.1
12.793,0,0.1
12.793,0,0.1
12.793,0,0.1
12.793,0,0.3
12.793,0,0.2
12.794,0,0.2
12.794,0,0.2
12.794,0,0.2
12.794,0,0.2
12.794,0,0.2
12.794,0,0.2
12.795,0,0.2
12.795,0,0.2
12.795,0,0.2
12.795,0,0.2
12.795,0,0.2
12.795,0,0.2
12.795,0,0.2
12.796,0,0.2
12.796,0,0.2
12.796,0,0.2
12.796,0,0.2
12.796,0,0.2
12.797,0,0.2
12.797,0,0.2
12.797,0,0.2
12.797,0,0.2
12.797,0,0.2
12.797,0,0.2
12.798,0,0.2
12.798,0,0.2
12.798,0,0.2
12.798,0,0.2
12.798,0,0.2
12.799,0,0.2
12.799,0,0.2
12.799,0,0.2
12.799,0,0.2
12.799,0,0.2
12.799,0,0.2
12.800,0,0.2
12.800,0,0.2
12.800,0,0.2
12.800,0,0.2
12.800,0,0.2
12.801,0,1.0
12.802,0,0.2
12.802,0,0.2
12.802,0,0.2
12.802,0,0.2
12.803,0,0.2
12.803,0,0.2
12.803,0,0.3
12.803,0,0.2
12.804,0,0.3
12.804,0,0.2
12.804,0,0.3
12.805,0,0.3
12.805,0,0.2
12.805,0,0.2
12.805,0,0.2
12.805,0,0.2
12.806,0,0.2
12.806,0,0.2
12.808,0,2.0
12.808,0,0.2
12.808,0,0.2
12.809,0,0.4
12.809,0,0.2
12.809,0,0.2
12.810,0,1.0
12.810,0,0.2
12.811,0,0.2
12.811,0,0.2
12.811,0,0.2
12.811,0,0.2
12.811,0,0.2
12.812,0,1.0
12.813,0,0.2
12.814,0,1.5
12.816,0,1.5
12.816,0,0.2
12.816,0,0.2
12.816,0,0.2
12.816,0,0.2
12.817,0,0.2
12.817,0,0.2
12.817,0,0.2
12.817,0,0.2
12.817,0,0.2
12.817,0,0.2
12.818,0,0.2
12.818,0,0.2
12.818,0,0.2
12.818,0,0.3
12.819,0,0.4
12.819,0,0.2
12.819,0,0.2
12.819,0,0.2
12.820,0,0.2
12.820,0,0.2
12.820,0,0.2
12.820,0,0.2
12.820,0,0.2
12.820,0,0.2
12.821,0,0.2
12.821,0,0.2
12.821,0,0.2
12.821,0,0.2
12.821,0,0.2
12.821,0,0.2
12.822,0,0.2
12.822,0,0.2
12.822,0,0.2
12.822,0,0.2
12.822,0,0.2
12.823,0,0.2
12.823,0,0.2
12.823,0,0.3
12.823,0,0.2
12.823,0,0.2
12.824,0,0.2
12.824,0,0.2
12.824,0,0.2
12.824,0,0.2
12.824,0,0.3
12.825,0,0.2
12.825,0,0.2
12.825,0,0.2
12.825,0,0.2
12.825,0,0.2
12.826,0,0.2
12.826,0,0.2
12.826,0,0.2
12.826,0,0.2
12.826,0,0.2
12.827,0,0.2
12.827,0,0.2
12.827,0,0.2
12.827,0,0.2
12.827,0,0.2
12.828,0,0.3
12.828,0,0.2
12.829,0,1.5
12.829,0,0.2
12.830,0,0.2
12.830,0,0.2
12.830,0,0.2
12.830,0,0.3
12.831,0,0.7
12.832,0,0.3
12.832,0,0.2
12.832,0,0.4
12.833,0,0.5
12.833,0,0.4
12.833,0,0.2
12.833,0,0.2
12.834,0,0.2
12.834,0,0.2
12.834,0,0.2
12.834,0,0.3
12.834,0,0.3
12.835,0,0.2
12.835,0,0.3
12.835,0,0.3
12.835,0,0.2
12.836,0,0.2
12.836,0,0.2
12.836,0,0.2
12.836,0,0.2
12.837,0,0.2
12.837,0,0.2
12.837,0,0.2
12.837,0,0.2
12.837,0,0.2
12.838,0,0.2
12.838,0,0.2
12.838,0,0.2
12.839,0,1.0
12.839,0,0.3
12.839,0,0.2
12.840,0,0.2
12.840,0,0.2
12.840,0,0.2
12.840,0,0.2
12.840,0,0.2
12.841,0,0.2
12.841,0,0.2
12.841,0,0.2
12.841,0,0.2
12.841,0,0.2
12.842,0,0.2
12.842,0,0.2
12.842,0,0.2
12.842,0,0.2
12.842,0,0.2
12.843,0,0.2
12.843,0,0.2
12.843,0,0.2
12.843,0,0.2
12.843,0,0.2
12.844,0,0.2
12.844,0,0.9
12.845,0,0.2
12.845,0,0.2
12.845,0,0.4
12.846,0,0.4
12.846,0,0.7
12.847,0,0.2
12.847,0,0.2
12.847,0,0.2
12.848,0,1.1
12.848,0,0.3
12.849,0,0.3
12.849,0,0.2
12.849,0,0.2
12.849,0,0.3
12.850,0,0.2
12.850,0,0.2
12.850,0,0.2
12.850,0,0.2
12.850,0,0.2
12.851,0,0.2
12.851,0,0.2
12.851,0,0.2
12.851,0,0.2
12.852,0,0.2
12.852,0,0.2
12.852,0,0.2
12.852,0,0.2
12.852,0,0.2
12.853,0,0.2
12.853,0,0.2
12.853,0,0.2
12.853,0,0.2
12.854,0,0.2
12.854,0,0.2
12.855,0,0.9
12.856,0,1.5
12.857,0,1.0
12.857,0,0.3
12.858,0,0.2
12.858,0,0.2
12.858,0,0.2
12.858,0,0.2
12.859,0,0.4
12.859,0,0.2
12.859,0,0.2
12.859,0,0.2
12.859,0,0.2
12.860,0,0.2
12.860,0,0.2
12.860,0,0.2
12.860,0,0.3
12.861,0,0.2
12.861,0,0.2
12.861,0,0.2
12.861,0,0.2
12.861,0,0.2
12.862,0,0.2
12.862,0,0.2
12.862,0,0.2
12.862,0,0.2
12.862,0,0.2
12.863,0,0.2
12.863,0,0.2
12.863,0,0.2
12.863,0,0.2
12.863,0,0.2
12.864,0,0.2
12.864,0,0.2
12.864,0,0.2
12.864,0,0.3
12.865,0,0.3
12.865,0,0.2
12.865,0,0.2
12.865,0,0.3
12.866,0,0.2
12.867,0,1.5
12.867,0,0.3
12.868,0,0.2
12.868,0,0.2
12.868,0,0.2
12.870,0,1.6
12.870,0,0.3
12.870,0,0.2
12.870,0,0.2
12.871,0,0.2
12.871,0,0.2
12.871,0,0.2
12.871,0,0.2
12.871,0,0.2
12.872,0,0.2
12.872,0,0.2
12.872,0,0.3
12.873,0,0.4
12.873,0,0.5
12.873,0,0.3
12.874,0,0.2
12.874,0,0.2
12.874,0,0.2
12.874,0,0.2
12.874,0,0.2
12.875,0,0.2
12.875,0,0.2
12.875,0,0.2
12.875,0,0.2
12.876,0,0.2
12.876,0,0.2
12.876,0,0.2
12.876,0,0.2
12.878,0,1.5
12.879,0,1.5
12.880,0,0.3
12.880,0,0.8
12.881,0,0.2
12.882,0,1.5
12.883,0,1.3
12.884,0,0.3
12.884,0,0.2
12.884,0,0.2
12.885,0,0.4
12.885,0,0.3
12.885,0,0.2
12.885,0,0.3
12.886,0,0.2
12.886,0,0.3
12.886,0,0.2
12.886,0,0.3
12.887,0,0.2
12.887,0,0.5
12.887,0,0.3
12.888,0,0.2
12.888,0,0.2
12.888,0,0.2
12.888,0,0.3
12.889,0,0.2
12.890,0,1.1
12.890,0,0.4
12.890,0,0.3
12.891,0,0.2
12.892,0,1.3
12.892,0,0.2
12.892,0,0.2
12.893,0,0.2
12.894,0,1.4
12.894,0,0.3
12.894,0,0.2
12.895,0,0.2
12.895,0,0.2
12.895,0,0.2
12.895,0,0.2
12.895,0,0.2
12.896,0,0.2
12.896,0,0.2
12.896,0,0.2
12.896,0,0.2
12.896,0,0.2
12.896,0,0.2
12.897,0,0.2
12.897,0,0.2
12.897,0,0.2
12.897,0,0.2
12.897,0,0.2
12.898,0,0.2
12.898,0,0.2
12.898,0,0.2
12.898,0,0.2
12.898,0,0.2
12.898,0,0.2
12.899,0,0.2
12.899,0,0.2
12.899,0,0.2
12.899,0,0.2
12.899,0,0.2
12.899,0,0.2
12.900,0,0.2
12.900,0,0.2
12.900,0,0.2
12.900,0,0.2
12.900,0,0.2
12.901,0,0.2
12.901,0,0.2
12.901,0,0.2
12.901,0,0.2
12.901,0,0.2
12.902,0,0.2
12.902,0,0.2
12.902,0,0.2
12.902,0,0.3
12.902,0,0.2
12.903,0,0.2
12.903,0,0.2
12.903,0,0.2
12.903,0,0.2
12.904,0,0.2
12.904,0,0.2
12.904,0,0.2
12.904,0,0.2
12.904,0,0.2
12.905,0,0.2
12.905,0,0.3
12.905,0,0.2
12.905,0,0.2
12.906,0,0.2
12.906,0,0.2
12.906,0,0.2
12.906,0,0.2
12.906,0,0.2
12.907,0,0.2
12.907,0,0.2
12.907,0,0.3
12.907,0,0.2
12.909,0,1.3
12.909,0,0.3
12.909,0,0.2
12.909,0,0.2
12.910,0,0.2
12.910,0,0.2
12.910,0,0.2
12.911,0,1.5
12.912,0,0.3
12.912,0,0.2
12.912,0,0.2
12.912,0,0.3
12.913,0,0.2
12.913,0,0.2
12.913,0,0.2
12.913,0,0.3
12.914,0,0.2
12.914,0,0.2
12.914,0,0.2
12.914,0,0.2
12.914,0,0.2
12.914,0,0.2
12.915,0,0.2
12.915,0,0.2
12.915,0,0.2
12.915,0,0.2
12.915,0,0.2
12.916,0,0.2
12.916,0,0.2
12.916,0,0.2
12.916,0,0.2
12.916,0,0.2
12.917,0,0.2
12.917,0,0.2
12.917,0,0.2
12.917,0,0.2
12.917,0,0.2
12.918,0,0.2
12.918,0,0.2
12.918,0,0.2
12.918,0,0.2
12.918,0,0.2
12.919,0,0.2
12.919,0,0.2
12.919,0,0.2
12.919,0,0.2
12.919,0,0.2
12.920,0,0.2
12.920,0,0.2
12.920,0,0.2
12.920,0,0.3
12.921,0,0.2
12.921,0,0.2
12.921,0,0.2
12.921,0,0.2
12.921,0,0.2
12.921,0,0.2
12.922,0,0.2
12.922,0,0.2
12.922,0,0.2
12.922,0,0.2
12.922,0,0.2
12.923,0,0.2
12.923,0,0.2
12.923,0,0.2
12.923,0,0.2
12.923,0,0.2
12.923,0,0.2
12.924,0,0.2
12.924,0,0.2
12.924,0,0.2
12.924,0,0.2
12.924,0,0.2
12.925,0,0.2
12.925,0,0.2
12.925,0,0.2
12.925,0,0.2
12.925,0,0.2
12.926,0,0.2
12.926,0,0.2
12.926,0,0.2
12.926,0,0.2
12.926,0,0.2
12.927,0,0.2
12.927,0,0.2
12.927,0,0.2
12.927,0,0.3
12.927,0,0.2
12.928,0,0.2
12.928,0,0.2
12.928,0,0.2
12.928,0,0.2
12.928,0,0.2
12.929,0,0.2
12.929,0,0.2
12.929,0,0.2
12.929,0,0.2
12.929,0,0.2
12.929,0,0.2
12.930,0,0.2
12.930,0,0.2
12.930,0,0.7
12.931,0,0.3
12.931,0,0.2
12.931,0,0.3
12.932,0,0.3
12.933,0,1.3
12.933,0,0.4
12.934,0,0.3
12.935,0,1.0
12.935,0,0.2
12.935,0,0.2
12.935,0,0.3
12.936,0,0.3
12.936,0,0.2
12.936,0,0.2
12.936,0,0.2
12.936,0,0.2
12.937,0,0.2
12.937,0,0.2
12.937,0,0.3
12.937,0,0.2
12.938,0,0.2
12.938,0,0.2
12.938,0,0.2
12.938,0,0.2
12.938,0,0.2
12.939,0,0.2
12.939,0,0.2
12.939,0,0.2
12.939,0,0.2
12.939,0,0.2
12.940,0,0.2
12.940,0,0.2
12.940,0,0.2
12.940,0,0.2
12.940,0,0.3
12.941,0,0.2
12.941,0,0.2
12.941,0,0.3
12.941,0,0.4
12.942,0,0.2
12.942,0,0.2
12.942,0,0.2
12.942,0,0.2
12.942,0,0.2
12.944,0,1.5
12.946,0,1.7
12.946,0,0.3
12.946,0,0.3
12.948,0,1.4
12.948,0,0.3
12.948,0,0.3
12.948,0,0.3
12.951,0,2.2
12.951,0,0.3
12.951,0,0.6
12.952,0,0.2
12.952,0,0.2
12.952,0,0.2
12.952,0,0.2
12.952,0,0.2
12.953,0,0.2
12.953,0,0.2
12.953,0,0.2
12.955,0,1.6
12.955,0,0.9
12.956,0,0.2
12.956,0,0.2
12.956,0,0.2
12.956,0,0.2
12.956,0,0.2
12.957,0,0.2
12.957,0,0.2
12.957,0,0.2
12.957,0,0.2
12.957,0,0.2
12.958,0,0.2
12.958,0,0.2
12.958,0,0.2
12.958,0,0.2
12.958,0,0.2
12.959,0,0.2
12.959,0,0.2
12.959,0,0.2
12.959,0,0.2
12.959,0,0.2
12.960,0,0.2
12.960,0,0.2
12.960,0,0.2
12.960,0,0.2
12.960,0,0.2
12.960,0,0.2
12.961,0,0.3
12.961,0,0.2
12.962,0,1.5
12.964,0,1.5
12.966,0,1.6
12.967,0,1.5
12.969,0,1.5
12.970,0,1.6
12.972,0,1.4
12.972,0,0.2
12.972,0,0.2
12.972,0,0.2
12.972,0,0.2
12.973,0,0.2
12.973,0,0.2
12.973,0,0.2
12.973,0,0.3
12.974,0,0.2
12.974,0,0.2
12.974,0,0.2
12.974,0,0.2
12.974,0,0.2
12.974,0,0.2
12.975,0,0.2
12.975,0,0.2
12.975,0,0.2
12.975,0,0.3
12.977,0,1.2
12.978,0,1.1
12.978,0,0.3
12.978,0,0.3
12.979,0,0.4
12.979,0,0.3
12.979,0,0.4
12.980,0,0.2
12.980,0,0.2
12.980,0,0.3
12.980,0,0.3
12.981,0,0.3
12.981,0,0.2
12.981,0,0.3
12.981,0,0.2
12.982,0,0.2
12.982,0,0.2
12.982,0,0.2
12.982,0,0.2
12.982,0,0.2
12.983,0,0.2
12.983,0,0.2
12.983,0,0.2
12.983,0,0.2
12.983,0,0.2
12.984,0,0.2
12.984,0,0.2
12.984,0,0.2
12.984,0,0.3
12.985,0,0.2
12.985,0,0.2
12.985,0,0.2
12.985,0,0.2
12.985,0,0.2
12.986,0,0.2
12.986,0,0.2
12.986,0,0.3
12.987,0,1.0
12.987,0,0.4
12.988,0,0.4
12.988,0,0.4
12.990,0,1.4
12.990,0,0.3
12.990,0,0.3
12.990,0,0.3
12.991,0,0.3
12.991,0,0.3
12.993,0,1.6
12.995,0,1.9
12.996,0,1.4
12.996,0,0.4
12.998,0,1.6
12.999,0,1.1
13.000,0,0.5
13.000,0,0.3
13.000,0,0.6
13.001,0,0.3
13.002,0,1.4
13.003,0,0.4
13.006,0,3.0
13.006,0,0.3
13.006,0,0.2
13.006,0,0.2
13.006,0,0.2
13.007,0,0.2
13.007,0,0.2
13.007,0,0.2
13.007,0,0.2
13.007,0,0.2
13.008,0,0.2
13.008,0,0.2
13.008,0,0.2
13.008,0,0.3
13.010,0,1.6
13.011,0,0.9
13.011,0,0.3
13.011,0,0.2
13.012,0,0.2
13.012,0,0.2
13.012,0,0.2
13.012,0,0.2
13.012,0,0.2
13.013,0,0.2
13.013,0,0.2
13.013,0,0.2
13.013,0,0.2
13.013,0,0.2
13.014,0,0.2
13.014,0,0.2
13.014,0,0.2
13.014,0,0.2
13.015,0,0.2
13.015,0,0.2
13.015,0,0.2
13.015,0,0.2
13.015,0,0.2
13.016,0,0.2
13.016,0,0.2
13.016,0,0.2
13.016,0,0.2
13.016,0,0.2
13.017,0,0.2
13.017,0,0.2
13.017,0,0.2
13.017,0,0.2
13.019,0,1.6
13.019,0,0.3
13.020,0,0.8
13.020,0,0.2
13.021,0,0.5
13.021,0,0.2
13.021,0,0.3
13.021,0,0.2
13.022,0,0.2
13.022,0,0.2
13.022,0,0.2
13.022,0,0.2
13.023,0,0.2
13.023,0,0.2
13.023,0,0.2
13.023,0,0.2
13.024,0,1.3
13.025,0,0.2
13.025,0,0.2
13.025,0,0.2
13.025,0,0.2
13.026,0,0.2
13.026,0,0.2
13.026,0,0.2
13.026,0,0.2
13.026,0,0.2
13.026,0,0.2
13.027,0,0.2
13.027,0,0.2
13.027,0,0.3
13.027,0,0.2
13.028,0,0.2
13.028,0,0.2
13.028,0,0.2
13.028,0,0.2
13.028,0,0.2
13.028,0,0.2
13.029,0,0.2
13.029,0,0.2
13.029,0,0.2
13.029,0,0.2
13.029,0,0.2
13.030,0,0.2
13.030,0,0.2
13.030,0,0.2
13.030,0,0.2
13.030,0,0.2
13.031,0,0.2
13.031,0,0.2
13.031,0,0.2
13.031,0,0.2
13.031,0,0.2
13.032,0,0.2
13.032,0,0.2
13.032,0,0.2
13.032,0,0.3
13.033,0,0.2
13.033,0,0.2
13.033,0,0.2
13.033,0,0.2
13.034,0,0.2
13.034,0,0.2
13.034,0,0.2
13.035,0,0.6
13.035,0,0.2
13.036,0,1.5
13.037,0,0.2
13.037,0,0.2
13.037,0,0.2
13.037,0,0.2
13.038,0,0.2
13.038,0,0.2
13.038,0,0.2
13.038,0,0.2
13.038,0,0.2
13.038,0,0.2
13.039,0,0.2
13.039,0,0.2
13.039,0,0.2
13.039,0,0.2
13.039,0,0.2
13.040,0,0.2
13.040,0,0.2
13.040,0,0.2
13.040,0,0.2
13.040,0,0.2
13.041,0,0.2
13.041,0,0.2
13.041,0,0.2
13.041,0,0.2
13.041,0,0.2
13.042,0,0.3
13.042,0,0.3
13.042,0,0.2
13.042,0,0.2
13.042,0,0.2
13.043,0,0.2
13.043,0,0.2
13.043,0,0.2
13.043,0,0.2
13.043,0,0.2
13.043,0,0.2
13.044,0,0.2
13.044,0,0.2
13.044,0,0.2
13.044,0,0.2
13.045,0,0.2
13.045,0,0.2
13.045,0,0.2
13.045,0,0.2
13.045,0,0.3
13.046,0,0.2
13.046,0,0.2
13.046,0,0.2
13.046,0,0.2
13.047,0,0.2
13.047,0,0.4
13.047,0,0.2
13.047,0,0.2
13.048,0,0.2
13.048,0,0.2
13.048,0,0.2
13.048,0,0.2
13.048,0,0.2
13.049,0,0.2
13.049,0,0.2
13.049,0,0.2
13.049,0,0.2
13.049,0,0.2
13.049,0,0.2
13.050,0,0.2
13.050,0,0.2
13.050,0,0.2
13.050,0,0.2
13.051,0,0.2
13.051,0,0.2
13.051,0,0.2
13.051,0,0.2
13.051,0,0.2
13.052,0,0.2
13.052,0,0.2
13.052,0,0.2
13.052,0,0.2
13.052,0,0.2
13.053,0,0.2
13.053,0,0.2
13.053,0,0.3
13.053,0,0.2
13.054,0,0.2
13.054,0,0.2
13.054,0,0.2
13.054,0,0.2
13.054,0,0.2
13.055,0,0.2
13.055,0,0.2
13.055,0,0.2
13.055,0,0.2
13.055,0,0.2
13.056,0,0.2
13.056,0,0.2
13.056,0,0.2
13.056,0,0.2
13.056,0,0.2
13.056,0,0.2
13.057,0,0.2
13.057,0,0.2
13.057,0,0.2
13.057,0,0.2
13.057,0,0.2
13.057,0,0.2
13.058,0,0.2
13.058,0,0.2
13.058,0,0.2
13.058,0,0.2
13.058,0,0.2
13.058,0,0.1
13.059,0,0.1
13.059,0,0.1
13.059,0,0.1
13.059,0,0.1
13.059,0,0.1
13.059,0,0.2
13.060,0,0.2
13.060,0,0.1
13.060,0,0.1
13.060,0,0.1
13.060,0,0.1
13.060,0,0.2
13.060,0,0.2
13.061,0,0.1
13.061,0,0.1
13.061,0,0.1
13.061,0,0.1
13.061,0,0.1
13.061,0,0.1
13.061,0,0.2
13.062,0,0.2
13.062,0,0.2
13.062,0,0.2
13.062,0,0.2
13.063,0,0.9
13.064,0,1.2
13.065,0,0.2
13.065,0,0.2
13.065,0,0.2
13.065,0,0.2
13.065,0,0.2
13.066,0,0.2
13.066,0,0.2
13.066,0,0.3
13.066,0,0.2
13.067,0,0.2
13.067,0,0.3
13.067,0,0.2
13.067,0,0.2
13.069,0,1.4
13.069,0,0.2
13.069,0,0.2
13.070,0,0.2
13.070,0,0.2
13.070,0,0.2
13.070,0,0.2
13.070,0,0.2
13.071,0,0.2
13.071,0,0.2
13.071,0,0.2
13.071,0,0.2
13.072,0,0.2
13.072,0,0.2
13.072,0,0.2
13.072,0,0.2
13.072,0,0.2
13.073,0,0.2
13.073,0,0.2
13.073,0,0.2
13.073,0,0.2
13.074,0,0.2
13.074,0,0.2
13.074,0,0.2
13.074,0,0.2
13.074,0,0.2
13.075,0,0.2
13.075,0,0.2
13.075,0,0.2
13.075,0,0.2
13.076,0,0.4
13.076,0,0.4
13.076,0,0.4
13.077,0,0.2
13.077,0,0.2
13.077,0,0.2
13.077,0,0.2
13.077,0,0.3
13.079,0,1.1
13.079,0,0.2
13.079,0,0.3
13.079,0,0.2
13.080,0,0.4
13.080,0,0.2
13.080,0,0.2
13.080,0,0.4
13.081,0,0.2
13.081,0,0.4
13.081,0,0.3
13.082,0,0.4
13.082,0,0.2
13.082,0,0.2
13.082,0,0.2
13.083,0,0.2
13.083,0,0.2
13.083,0,0.3
13.083,0,0.2
13.083,0,0.2
13.084,0,0.2
13.084,0,0.2
13.084,0,0.2
13.084,0,0.2
13.084,0,0.2
13.084,0,0.2
13.085,0,0.2
13.085,0,0.2
13.085,0,0.2
13.085,0,0.2
13.085,0,0.2
13.085,0,0.2
13.086,0,0.2
13.086,0,0.2
13.086,0,0.2
13.086,0,0.2
13.086,0,0.2
13.087,0,0.2
13.087,0,0.2
13.087,0,0.2
13.089,0,1.5
13.091,0,2.1
13.091,0,0.2
13.092,0,1.5
13.097,0,4.2
13.097,0,0.3
13.097,0,0.2
13.097,0,0.2
13.097,0,0.2
13.098,0,0.2
13.098,0,0.2
13.098,0,0.2
13.098,0,0.2
13.098,0,0.2
13.099,0,0.2
13.099,0,0.2
13.099,0,0.2
13.099,0,0.2
13.099,0,0.2
13.100,0,0.4
13.100,0,0.2
13.100,0,0.4
13.101,0,0.2
13.101,0,0.3
13.101,0,0.2
13.101,0,0.3
13.102,0,0.3
13.102,0,0.2
13.102,0,0.2
13.102,0,0.2
13.102,0,0.2
13.103,0,0.2
13.103,0,0.2
13.103,0,0.2
13.103,0,0.2
13.103,0,0.2
13.104,0,0.2
13.104,0,0.2
13.104,0,0.2
13.104,0,0.2
13.104,0,0.2
13.105,0,0.2
13.105,0,0.2
13.105,0,0.2
13.105,0,0.2
13.105,0,0.2
13.106,0,0.2
13.106,0,0.2
13.106,0,0.2
13.106,0,0.2
13.106,0,0.2
13.107,0,0.2
13.107,0,0.2
13.107,0,0.2
13.107,0,0.2
13.107,0,0.3
13.108,0,0.2
13.108,0,0.2
13.108,0,0.2
13.108,0,0.2
13.108,0,0.2
13.109,0,0.2
13.109,0,0.2
13.109,0,0.2
13.109,0,0.3
13.109,0,0.2
13.110,0,0.2
13.110,0,0.2
13.110,0,0.2
13.110,0,0.2
13.110,0,0.2
13.111,0,0.2
13.111,0,0.2
13.111,0,0.2
13.111,0,0.2
13.111,0,0.2
13.112,0,0.2
13.112,0,0.2
13.112,0,0.2
13.112,0,0.2
13.112,0,0.2
13.113,0,0.2
13.113,0,0.2
13.113,0,0.2
13.113,0,0.3
13.114,0,0.2
13.114,0,0.5
13.116,0,1.5
13.116,0,0.9
13.117,0,0.2
13.118,0,0.9
13.119,0,1.3
13.119,0,0.2
13.119,0,0.2
13.119,0,0.2
13.120,0,0.2
13.120,0,0.2
13.120,0,0.2
13.120,0,0.3
13.121,0,0.2
13.121,0,0.2
13.121,0,0.2
13.121,0,0.3
13.122,0,0.2
13.122,0,0.2
13.122,0,0.2
13.122,0,0.2
13.122,0,0.2
13.123,0,0.2
13.123,0,0.2
13.123,0,0.2
13.123,0,0.2
13.124,0,0.2
13.124,0,0.2
13.124,0,0.2
13.124,0,0.2
13.124,0,0.2
13.125,0,0.2
13.125,0,0.2
13.125,0,0.2
13.125,0,0.2
13.125,0,0.2
13.126,0,0.2
13.126,0,0.2
13.126,0,0.2
13.126,0,0.2
13.126,0,0.2
13.126,0,0.2
13.127,0,0.2
13.127,0,0.2
13.127,0,0.2
13.127,0,0.2
13.127,0,0.2
13.128,0,0.2
13.128,0,0.2
13.128,0,0.2
13.128,0,0.2
13.128,0,0.2
13.129,0,0.2
13.129,0,0.2
13.129,0,0.2
13.129,0,0.2
13.129,0,0.2
13.129,0,0.2
13.130,0,0.2
13.130,0,0.2
13.130,0,0.2
13.130,0,0.2
13.130,0,0.2
13.131,0,0.2
13.131,0,0.2
13.131,0,0.2
13.131,0,0.2
13.131,0,0.2
13.132,0,0.2
13.132,0,0.2
13.132,0,0.2
13.132,0,0.2
13.132,0,0.2
13.133,0,0.2
13.133,0,0.2
13.133,0,0.2
13.133,0,0.2
13.133,0,0.2
13.134,0,0.2
13.134,0,0.2
13.134,0,0.2
13.134,0,0.2
13.134,0,0.2
13.134,0,0.2
13.135,0,0.2
13.135,0,0.2
13.135,0,0.2
13.135,0,0.2
13.135,0,0.2
13.136,0,0.2
13.136,0,0.2
13.136,0,0.2
13.136,0,0.2
13.136,0,0.2
13.136,0,0.2
13.137,0,0.2
13.137,0,0.2
13.137,0,0.2
13.137,0,0.2
13.137,0,0.2
13.138,0,0.2
13.138,0,0.2
13.138,0,0.2
13.138,0,0.2
13.138,0,0.2
13.138,0,0.2
13.139,0,0.2
13.139,0,0.2
13.139,0,0.2
13.139,0,0.2
13.139,0,0.2
13.139,0,0.2
13.140,0,0.2
13.140,0,0.2
13.140,0,0.2
13.140,0,0.2
13.140,0,0.2
13.141,0,0.2
13.141,0,0.2
13.141,0,0.2
13.141,0,0.2
13.141,0,0.2
13.142,0,0.2
13.142,0,0.2
13.142,0,0.2
13.142,0,0.2
13.142,0,0.2
13.142,0,0.2
13.143,0,0.2
13.143,0,0.2
13.143,0,0.2
13.143,0,0.2
13.143,0,0.2
13.144,0,0.2
13.144,0,0.2
13.144,0,0.2
13.144,0,0.2
13.145,0,0.2
13.145,0,0.2
13.145,0,0.2
13.145,0,0.2
13.145,0,0.2
13.146,0,0.2
13.146,0,0.2
13.146,0,0.2
13.146,0,0.2
13.146,0,0.2
13.147,0,0.2
13.147,0,0.2
13.147,0,0.2
13.147,0,0.2
13.147,0,0.2
13.148,0,0.2
13.148,0,0.3
13.148,0,0.2
13.148,0,0.2
13.149,0,0.2
13.149,0,0.2
13.149,0,0.2
13.149,0,0.2
13.149,0,0.2
13.149,0,0.2
13.150,0,0.2
13.150,0,0.2
13.150,0,0.2
13.150,0,0.2
13.150,0,0.2
13.151,0,0.2
13.151,0,0.2
13.151,0,0.2
13.151,0,0.2
13.151,0,0.2
13.152,0,0.2
13.152,0,0.2
13.152,0,0.2
13.152,0,0.2
13.152,0,0.2
13.153,0,0.3
13.153,0,0.2
13.153,0,0.2
13.153,0,0.2
13.153,0,0.2
13.154,0,0.2
13.154,0,0.2
13.154,0,0.2
13.154,0,0.2
13.154,0,0.2
13.154,0,0.2
13.155,0,0.2
13.155,0,0.2
13.155,0,0.2
13.155,0,0.2
13.155,0,0.2
13.155,0,0.2
13.156,0,0.2
13.156,0,0.2
13.156,0,0.2
13.156,0,0.2
13.156,0,0.2
13.156,0,0.2
13.157,0,0.2
13.157,0,0.2
13.157,0,0.2
13.157,0,0.2
13.157,0,0.2
13.157,0,0.2
13.158,0,0.2
13.158,0,0.2
13.158,0,0.2
13.158,0,0.2
13.158,0,0.2
13.158,0,0.2
13.159,0,0.2
13.159,0,0.2
13.159,0,0.2
13.159,0,0.2
13.159,0,0.2
13.160,0,0.2
13.160,0,0.2
13.160,0,0.3
13.160,0,0.2
13.160,0,0.2
13.161,0,0.2
13.161,0,0.2
13.161,0,0.2
13.161,0,0.2
13.161,0,0.2
13.161,0,0.2
13.162,0,0.2
13.162,0,0.2
13.162,0,0.2
13.162,0,0.2
13.162,0,0.2
13.163,0,0.2
13.163,0,0.5
13.163,0,0.2
13.163,0,0.2
13.164,0,0.2
13.164,0,0.2
13.164,0,0.2
13.164,0,0.2
13.164,0,0.2
13.165,0,0.2
13.165,0,0.2
13.165,0,0.2
13.165,0,0.2
13.166,0,0.2
13.166,0,0.2
13.166,0,0.2
13.166,0,0.2
13.166,0,0.2
13.167,0,0.2
13.167,0,0.2
13.167,0,0.2
13.167,0,0.2
13.167,0,0.2
13.168,0,0.2
13.168,0,0.2
13.168,0,0.2
13.168,0,0.2
13.168,0,0.2
13.169,0,0.2
13.169,0,0.2
13.169,0,0.2
13.169,0,0.2
13.169,0,0.2
13.170,0,0.2
13.170,0,0.2
13.170,0,0.2
13.170,0,0.2
13.170,0,0.2
13.171,0,0.2
13.171,0,0.2
13.171,0,0.2
13.171,0,0.3
13.171,0,0.2
13.172,0,0.2
13.172,0,0.2
13.172,0,0.2
13.172,0,0.2
13.173,0,0.2
13.173,0,0.2
13.173,0,0.2
13.173,0,0.2
13.173,0,0.2
13.174,0,0.2
13.174,0,0.2
13.174,0,0.2
13.174,0,0.2
13.174,0,0.2
13.175,0,0.2
13.175,0,0.2
13.175,0,0.2
13.175,0,0.2
13.175,0,0.2
13.176,0,0.2
13.176,0,0.2
13.176,0,0.2
13.176,0,0.2
13.176,0,0.2
13.177,0,0.2
13.177,0,0.2
13.177,0,0.2
13.177,0,0.2
13.177,0,0.2
13.177,0,0.2
13.178,0,0.2
13.178,0,0.2
13.178,0,0.2
13.178,0,0.2
13.178,0,0.2
13.179,0,0.2
13.179,0,0.2
13.179,0,0.2
13.179,0,0.2
13.179,0,0.2
13.180,0,0.2
13.180,0,0.2
13.180,0,0.2
13.180,0,0.2
13.180,0,0.2
13.181,0,0.2
13.181,0,0.2
13.181,0,0.2
13.181,0,0.2
13.181,0,0.2
13.181,0,0.2
13.182,0,0.2
13.182,0,0.2
13.182,0,0.2
13.182,0,0.2
13.182,0,0.2
13.183,0,0.2
13.183,0,0.2
13.183,0,0.2
13.183,0,0.2
13.183,0,0.2
13.183,0,0.2
13.184,0,0.2
13.184,0,0.2
13.184,0,0.2
13.184,0,0.2
13.184,0,0.2
13.184,0,0.2
13.185,0,0.2
13.185,0,0.2
13.185,0,0.2
13.185,0,0.2
13.185,0,0.2
13.186,0,0.2
13.186,0,0.2
13.186,0,0.2
13.186,0,0.2
13.186,0,0.2
13.187,0,0.2
13.187,0,0.2
13.187,0,0.2
13.187,0,0.2
13.187,0,0.2
13.188,0,0.2
13.188,0,0.2
13.188,0,0.2
13.188,0,0.2
13.188,0,0.2
13.189,0,0.2
13.189,0,0.2
13.189,0,0.2
13.189,0,0.2
13.189,0,0.2
13.190,0,0.2
13.190,0,0.2
13.190,0,0.2
13.190,0,0.2
13.190,0,0.2
13.190,0,0.2
13.191,0,0.2
13.191,0,0.2
13.191,0,0.2
13.191,0,0.2
13.191,0,0.2
13.192,0,0.2
13.192,0,0.2
13.192,0,0.3
13.192,0,0.2
13.192,0,0.2
13.193,0,0.2
13.193,0,0.2
13.193,0,0.2
13.193,0,0.2
13.193,0,0.2
13.194,0,0.2
13.194,0,0.2
13.194,0,0.2
13.194,0,0.2
13.194,0,0.2
13.194,0,0.2
13.195,0,0.2
13.195,0,0.2
13.195,0,0.2
13.195,0,0.2
13.195,0,0.2
13.196,0,0.2
13.196,0,0.2
13.196,0,0.2
13.196,0,0.2
13.196,0,0.2
13.196,0,0.2
13.197,0,0.2
13.197,0,0.2
13.197,0,0.2
13.197,0,0.2
13.197,0,0.2
13.197,0,0.2
13.198,0,0.2
13.198,0,0.2
13.198,0,0.2
13.198,0,0.2
13.198,0,0.2
13.199,0,0.2
13.199,0,0.2
13.199,0,0.2
13.199,0,0.2
13.199,0,0.2
13.200,0,0.2
13.200,0,0.2
13.200,0,0.2
13.200,0,0.2
13.200,0,0.2
13.201,0,0.2
13.201,0,0.2
13.201,0,0.2
13.201,0,0.2
13.201,0,0.2
13.202,0,1.0
13.203,0,0.2
13.203,0,0.2
13.203,0,0.2
13.203,0,0.2
13.203,0,0.2
13.204,0,0.2
13.204,0,0.2
13.204,0,0.2
13.204,0,0.2
13.204,0,0.2
13.205,0,0.2
13.205,0,0.2
13.205,0,0.2
13.205,0,0.2
13.205,0,0.1
13.205,0,0.2
13.205,0,0.1
13.206,0,0.2
13.206,0,0.2
13.206,0,0.2
13.206,0,0.2
13.206,0,0.2
13.207,0,0.2
13.207,0,0.2
13.207,0,0.2
13.207,0,0.2
13.207,0,0.2
13.207,0,0.2
13.208,0,0.2
13.208,0,0.2
13.208,0,0.2
13.208,0,0.2
13.208,0,0.2
13.208,0,0.2
13.209,0,0.1
13.209,0,0.2
13.209,0,0.1
13.209,0,0.1
13.209,0,0.1
13.209,0,0.2
13.210,0,0.2
13.210,0,0.2
13.210,0,0.2
13.210,0,0.2
13.210,0,0.2
13.211,0,0.2
13.211,0,0.2
13.211,0,0.2
13.211,0,0.2
13.211,0,0.2
13.211,0,0.2
13.212,0,0.3
13.212,0,0.2
13.212,0,0.3
13.213,0,0.9
13.213,0,0.2
13.214,0,0.5
13.214,0,0.2
13.214,0,0.2
13.214,0,0.2
13.215,0,0.2
13.215,0,0.2
13.215,0,0.2
13.215,0,0.2
13.216,0,0.2
13.216,0,0.2
13.216,0,0.2
13.216,0,0.2
13.216,0,0.3
13.217,0,0.2
13.217,0,0.2
13.217,0,0.2
13.217,0,0.2
13.217,0,0.2
13.218,0,0.2
13.218,0,0.2
13.218,0,0.2
13.218,0,0.2
13.218,0,0.2
13.219,0,0.2
13.219,0,0.2
13.219,0,0.2
13.219,0,0.2
13.220,0,0.2
13.220,0,0.2
13.220,0,0.1
13.220,0,0.2
13.220,0,0.2
13.220,0,0.2
13.221,0,0.2
13.221,0,0.2
13.221,0,0.2
13.221,0,0.2
13.221,0,0.2
13.221,0,0.2
13.222,0,0.2
13.222,0,0.2
13.222,0,0.2
13.222,0,0.2
13.222,0,0.2
13.222,0,0.2
13.223,0,0.2
13.223,0,0.2
13.223,0,0.2
13.223,0,0.2
13.223,0,0.2
13.223,0,0.2
13.224,0,0.2
13.224,0,0.2
13.224,0,0.2
13.224,0,0.2
13.224,0,0.2
13.224,0,0.2
13.225,0,0.1
13.225,0,0.2
13.225,0,0.2
13.225,0,0.2
13.225,0,0.1
13.225,0,0.1
13.225,0,0.2
13.226,0,0.2
13.226,0,0.2
13.226,0,0.2
13.226,0,0.2
13.226,0,0.2
13.226,0,0.2
13.227,0,0.2
13.227,0,0.2
13.227,0,0.2
13.227,0,0.2
13.227,0,0.2
13.227,0,0.2
13.228,0,0.2
13.228,0,0.2
13.228,0,0.2
13.228,0,0.2
13.228,0,0.2
13.229,0,0.2
13.229,0,0.2
13.229,0,0.2
13.229,0,0.2
13.229,0,0.2
13.229,0,0.2
13.230,0,0.2
13.230,0,0.2
13.230,0,0.2
13.230,0,0.2
13.230,0,0.2
13.230,0,0.2
13.231,0,0.2
13.231,0,0.2
13.231,0,0.1
13.231,0,0.1
13.231,0,0.1
13.231,0,0.2
13.232,0,0.2
13.232,0,0.2
13.232,0,0.2
13.232,0,0.2
13.232,0,0.2
13.233,0,0.2
13.233,0,0.2
13.233,0,0.2
13.233,0,0.2
13.233,0,0.2
13.234,0,0.2
13.234,0,0.2
13.234,0,0.2
13.234,0,0.2
13.234,0,0.2
13.236,0,1.4
13.236,0,0.2
13.236,0,0.3
13.237,0,0.2
13.237,0,0.2
13.237,0,0.2
13.237,0,0.2
13.237,0,0.2
13.238,0,0.3
13.238,0,0.2
13.238,0,0.2
13.238,0,0.2
13.239,0,0.2
13.239,0,0.2
13.239,0,0.2
13.239,0,0.2
13.239,0,0.2
13.240,0,0.2
13.240,0,0.2
13.240,0,0.2
13.240,0,0.2
13.240,0,0.2
13.241,0,0.2
13.241,0,0.2
13.241,0,0.2
13.241,0,0.2
13.241,0,0.2
13.242,0,0.2
13.242,0,0.2
13.242,0,0.2
13.242,0,0.2
13.242,0,0.2
13.243,0,0.2
13.243,0,0.2
13.243,0,0.2
13.243,0,0.2
13.243,0,0.2
13.244,0,0.2
13.244,0,0.2
13.244,0,0.2
13.244,0,0.2
13.244,0,0.2
13.245,0,0.2
13.245,0,0.2
13.245,0,0.2
13.245,0,0.2
13.245,0,0.2
13.245,0,0.2
13.246,0,0.2
13.246,0,0.2
13.246,0,0.2
13.246,0,0.2
13.246,0,0.2
13.247,0,0.2
13.247,0,0.2
13.247,0,0.2
13.247,0,0.2
13.247,0,0.2
13.247,0,0.2
13.248,0,0.2
13.248,0,0.2
13.248,0,0.2
13.248,0,0.2
13.248,0,0.2
13.248,0,0.2
13.249,0,0.2
13.249,0,0.2
13.249,0,0.2
13.249,0,0.2
13.249,0,0.2
13.250,0,0.2
13.250,0,0.2
13.250,0,0.2
13.250,0,0.2
13.250,0,0.2
13.251,0,0.2
13.251,0,0.2
13.251,0,0.2
13.251,0,0.2
13.251,0,0.2
13.252,0,0.2
13.252,0,0.2
13.252,0,0.2
13.252,0,0.2
13.252,0,0.2
13.253,0,0.2
13.253,0,0.2
13.253,0,0.2
13.253,0,0.2
13.254,0,0.2
13.254,0,0.2
13.254,0,0.2
13.254,0,0.2
13.254,0,0.2
13.255,0,0.2
13.255,0,0.2
13.255,0,0.2
13.255,0,0.2
13.255,0,0.2
13.255,0,0.2
13.256,0,0.2
13.256,0,0.2
13.256,0,0.2
13.256,0,0.3
13.257,0,0.2
13.257,0,0.2
13.257,0,0.2
13.257,0,0.2
13.257,0,0.2
13.258,0,0.2
13.258,0,0.2
13.258,0,0.2
13.258,0,0.2
13.258,0,0.2
13.258,0,0.2
13.259,0,0.2
13.259,0,0.2
13.259,0,0.2
13.259,0,0.2
13.259,0,0.2
13.260,0,0.2
13.260,0,0.2
13.260,0,0.2
13.260,0,0.2
13.260,0,0.2
13.261,0,0.2
13.261,0,0.2
13.261,0,0.1
13.261,0,0.1
13.261,0,0.1
13.261,0,0.1
13.261,0,0.1
13.261,0,0.1
13.262,0,0.2
13.262,0,0.2
13.262,0,0.2
13.262,0,0.2
13.262,0,0.2
13.263,0,0.2
13.263,0,0.2
13.263,0,0.2
13.263,0,0.2
13.263,0,0.2
13.264,0,0.2
13.264,0,0.2
13.264,0,0.2
13.264,0,0.2
13.264,0,0.2
13.265,0,0.2
13.265,0,0.2
13.265,0,0.2
13.265,0,0.2
13.266,0,0.2
13.266,0,0.2
13.266,0,0.2
13.266,0,0.2
13.266,0,0.2
13.266,0,0.2
13.267,0,0.2
13.267,0,0.2
13.267,0,0.2
13.267,0,0.2
13.267,0,0.2
13.268,0,0.2
13.268,0,0.2
13.268,0,0.2
13.268,0,0.2
13.268,0,0.3
13.269,0,0.2
13.269,0,0.2
13.269,0,0.2
13.269,0,0.2
13.269,0,0.1
13.269,0,0.1
13.270,0,0.1
13.270,0,0.2
13.270,0,0.1
13.270,0,0.1
13.270,0,0.1
13.270,0,0.1
13.270,0,0.1
13.271,0,0.1
13.271,0,0.1
13.271,0,0.1
13.271,0,0.1
13.271,0,0.1
13.271,0,0.1
13.271,0,0.1
13.271,0,0.1
13.272,0,0.1
13.272,0,0.1
13.272,0,0.1
13.272,0,0.1
13.272,0,0.1
13.272,0,0.1
13.272,0,0.1
13.272,0,0.1
13.273,0,0.1
13.273,0,0.1
13.273,0,0.1
13.273,0,0.1
13.273,0,0.1
13.273,0,0.1
13.273,0,0.1
13.273,0,0.1
13.274,0,0.1
13.274,0,0.2
13.274,0,0.2
13.274,0,0.2
13.274,0,0.2
13.275,0,0.2
13.275,0,0.2
13.275,0,0.2
13.275,0,0.2
13.275,0,0.2
13.276,0,0.2
13.276,0,0.2
13.276,0,0.2
13.276,0,0.2
13.276,0,0.2
13.277,0,0.2
13.277,0,0.2
13.277,0,0.2
13.277,0,0.2
13.277,0,0.2
13.278,0,0.2
13.278,0,0.2
13.278,0,0.2
13.278,0,0.2
13.278,0,0.2
13.278,0,0.2
13.279,0,0.2
13.279,0,0.2
13.279,0,0.2
13.279,0,0.2
13.279,0,0.2
13.280,0,0.2
13.280,0,0.2
13.280,0,0.2
13.280,0,0.2
13.280,0,0.2
13.280,0,0.2
13.281,0,0.2
13.281,0,0.1
13.281,0,0.1
13.281,0,0.1
13.281,0,0.2
13.281,0,0.2
13.281,0,0.1
13.282,0,0.1
13.282,0,0.1
13.282,0,0.1
13.282,0,0.1
13.282,0,0.1
13.282,0,0.1
13.282,0,0.1
13.282,0,0.2
13.283,0,0.1
13.283,0,0.1
13.283,0,0.1
13.283,0,0.1
13.283,0,0.1
13.283,0,0.1
13.283,0,0.1
13.283,0,0.1
13.284,0,0.2
13.284,0,0.2
13.284,0,0.2
13.284,0,0.2
13.284,0,0.2
13.284,0,0.2
13.285,0,0.1
13.285,0,0.1
13.285,0,0.1
13.285,0,0.1
13.285,0,0.1
13.285,0,0.1
13.285,0,0.1
13.285,0,0.1
13.286,0,0.1
13.286,0,0.1
13.286,0,0.1
13.286,0,0.1
13.286,0,0.2
13.286,0,0.2
13.287,0,0.2
13.287,0,0.2
13.287,0,0.2
13.287,0,0.2
13.287,0,0.2
13.287,0,0.2
13.287,0,0.2
13.288,0,0.2
13.288,0,0.2
13.288,0,0.1
13.288,0,0.1
13.288,0,0.2
13.288,0,0.2
13.289,0,0.2
13.289,0,0.1
13.289,0,0.1
13.289,0,0.1
13.289,0,0.1
13.289,0,0.1
13.289,0,0.2
13.290,0,0.1
13.290,0,0.2
13.290,0,0.2
13.290,0,0.1
13.290,0,0.1
13.290,0,0.1
13.290,0,0.1
13.291,0,0.1
13.291,0,0.1
13.291,0,0.2
13.291,0,0.1
13.291,0,0.1
13.291,0,0.1
13.291,0,0.1
13.292,0,0.1
13.292,0,0.1
13.292,0,0.1
13.292,0,0.1
13.292,0,0.1
13.292,0,0.2
13.292,0,0.1
13.293,0,0.1
13.293,0,0.1
13.293,0,0.1
13.293,0,0.1
13.293,0,0.1
13.293,0,0.1
13.293,0,0.1
13.293,0,0.1
13.293,0,0.1
13.294,0,0.1
13.294,0,0.2
13.294,0,0.1
13.294,0,0.1
13.294,0,0.1
13.294,0,0.1
13.295,0,0.1
13.295,0,0.1
13.295,0,0.2
13.295,0,0.3
13.295,0,0.2
13.295,0,0.2
13.296,0,0.1
13.296,0,0.1
13.296,0,0.2
13.296,0,0.2
13.296,0,0.2
13.297,0,0.2
13.297,0,0.2
13.297,0,0.2
13.297,0,0.2
13.297,0,0.2
13.297,0,0.2
13.298,0,0.2
13.298,0,0.2
13.298,0,0.1
13.298,0,0.1
13.298,0,0.2
13.298,0,0.2
13.299,0,0.1
13.299,0,0.1
13.299,0,0.1
13.299,0,0.1
13.299,0,0.1
13.299,0,0.1
13.299,0,0.2
13.300,0,0.1
13.300,0,0.1
13.300,0,0.1
13.300,0,0.1
13.300,0,0.1
13.300,0,0.2
13.300,0,0.2
13.301,0,0.1
13.301,0,0.1
13.301,0,0.2
13.301,0,0.2
13.301,0,0.1
13.301,0,0.2
13.302,0,0.2
13.302,0,0.2
13.302,0,0.2
13.302,0,0.2
13.302,0,0.2
13.302,0,0.2
13.303,0,0.2
13.303,0,0.2
13.303,0,0.1
13.303,0,0.1
13.303,0,0.1
13.303,0,0.1
13.303,0,0.2
13.304,0,0.1
13.304,0,0.1
13.304,0,0.2
13.304,0,0.1
13.304,0,0.2
13.304,0,0.2
13.305,0,0.2
13.305,0,0.2
13.305,0,0.2
13.305,0,0.2
13.305,0,0.2
13.306,0,0.2
13.306,0,0.2
13.306,0,0.2
13.306,0,0.2
13.306,0,0.2
13.306,0,0.2
13.307,0,0.2
13.307,0,0.2
13.307,0,0.2
13.307,0,0.2
13.307,0,0.2
13.307,0,0.2
13.308,0,0.2
13.308,0,0.2
13.308,0,0.2
13.308,0,0.2
13.308,0,0.2
13.309,0,0.2
13.309,0,0.2
13.309,0,0.2
13.309,0,0.2
13.309,0,0.2
13.310,0,0.2
13.310,0,0.2
13.310,0,0.2
13.310,0,0.2
13.310,0,0.2
13.311,0,0.2
13.311,0,0.2
13.311,0,0.2
13.311,0,0.2
13.311,0,0.2
13.311,0,0.2
13.312,0,0.2
13.312,0,0.2
13.312,0,0.2
13.312,0,0.2
13.312,0,0.2
13.312,0,0.2
13.313,0,0.2
13.313,0,0.2
13.313,0,0.2
13.313,0,0.2
13.313,0,0.2
13.313,0,0.2
13.314,0,0.2
13.314,0,0.2
13.314,0,0.2
13.314,0,0.2
13.314,0,0.2
13.315,0,0.2
13.315,0,0.2
13.315,0,0.2
13.315,0,0.2
13.315,0,0.2
13.315,0,0.2
13.315,0,0.2
13.316,0,0.2
13.316,0,0.2
13.316,0,0.2
13.316,0,0.1
13.316,0,0.2
13.316,0,0.1
13.317,0,0.1
13.317,0,0.1
13.317,0,0.2
13.317,0,0.2
13.317,0,0.1
13.317,0,0.2
13.318,0,0.2
13.318,0,0.2
13.318,0,0.2
13.318,0,0.1
13.318,0,0.2
13.318,0,0.2
13.319,0,0.2
13.319,0,0.2
13.319,0,0.2
13.319,0,0.1
13.319,0,0.1
13.319,0,0.2
13.319,0,0.2
13.320,0,0.2
13.320,0,0.2
13.320,0,0.2
13.320,0,0.2
13.320,0,0.2
13.321,0,0.2
13.321,0,0.2
13.321,0,0.2
13.321,0,0.2
13.321,0,0.2
13.322,0,0.2
13.322,0,0.2
13.322,0,0.2
13.322,0,0.2
13.322,0,0.2
13.323,0,0.2
13.323,0,0.3
13.323,0,0.2
13.323,0,0.2
13.323,0,0.2
13.324,0,0.2
13.324,0,0.2
13.324,0,0.2
13.324,0,0.2
13.324,0,0.2
13.325,0,0.2
13.326,0,1.0
13.326,0,0.3
13.326,0,0.4
13.326,0,0.2
13.327,0,0.2
13.327,0,0.2
13.327,0,0.2
13.327,0,0.1
13.327,0,0.1
13.327,0,0.2
13.328,0,0.2
13.328,0,0.4
13.328,0,0.2
13.328,0,0.2
13.330,0,1.2
13.330,0,0.4
13.330,0,0.2
13.330,0,0.3
13.331,0,0.3
13.331,0,0.2
13.331,0,0.2
13.331,0,0.2
13.332,0,0.2
13.332,0,0.2
13.332,0,0.2
13.332,0,0.2
13.332,0,0.2
13.333,0,0.2
13.333,0,0.2
13.333,0,0.2
13.333,0,0.4
13.334,0,0.2
13.334,0,0.2
13.334,0,0.2
13.334,0,0.2
13.334,0,0.2
13.335,0,0.2
13.335,0,0.3
13.335,0,0.2
13.335,0,0.2
13.336,0,0.2
13.336,0,0.2
13.336,0,0.2
13.336,0,0.2
13.337,0,0.3
13.337,0,0.2
13.337,0,0.2
13.337,0,0.2
13.338,0,1.2
13.339,0,0.3
13.340,0,0.9
13.340,0,0.2
13.340,0,0.2
13.340,0,0.2
13.340,0,0.3
13.341,0,0.4
13.341,0,0.2
13.341,0,0.2
13.342,0,0.2
13.342,0,0.4
13.342,0,0.2
13.342,0,0.2
13.343,0,0.3
13.343,0,0.2
13.343,0,0.2
13.343,0,0.2
13.343,0,0.2
13.344,0,0.2
13.344,0,0.2
13.344,0,0.4
13.344,0,0.3
13.345,0,0.2
13.345,0,0.2
13.345,0,0.2
13.345,0,0.2
13.346,0,0.2
13.346,0,0.3
13.346,0,0.3
13.347,0,0.4
13.347,0,0.2
13.347,0,0.2
13.347,0,0.2
13.348,0,0.2
13.348,0,0.2
13.348,0,0.2
13.348,0,0.2
13.349,0,0.3
13.349,0,0.2
13.349,0,0.2
13.349,0,0.2
13.349,0,0.2
13.350,0,0.2
13.350,0,0.2
13.350,0,0.2
13.350,0,0.2
13.350,0,0.2
13.351,0,0.2
13.351,0,0.2
13.351,0,0.2
13.351,0,0.2
13.352,0,0.4
13.352,0,0.2
13.352,0,0.3
13.352,0,0.2
13.353,0,0.2
13.353,0,0.2
13.353,0,0.2
13.353,0,0.3
13.353,0,0.2
13.354,0,0.2
13.354,0,0.4
13.354,0,0.3
13.355,0,0.3
13.355,0,0.2
13.355,0,0.2
13.355,0,0.2
13.356,0,0.2
13.356,0,0.2
13.356,0,0.2
13.356,0,0.2
13.356,0,0.3
13.356,0,0.2
13.357,0,0.1
13.357,0,0.1
13.357,0,0.2
13.357,0,0.3
13.357,0,0.2
13.358,0,0.2
13.358,0,0.2
13.358,0,0.2
13.358,0,0.2
13.359,0,0.2
13.359,0,0.2
13.359,0,0.2
13.359,0,0.3
13.359,0,0.3
13.360,0,0.2
13.360,0,0.2
13.360,0,0.2
13.360,0,0.2
13.360,0,0.3
13.361,0,0.2
13.361,0,0.2
13.361,0,0.1
13.361,0,0.1
13.361,0,0.1
13.361,0,0.2
13.362,0,0.2
13.362,0,0.2
13.362,0,0.2
13.362,0,0.2
13.363,0,0.3
13.363,0,0.2
13.363,0,0.2
13.363,0,0.2
13.363,0,0.2
13.364,0,0.2
13.364,0,0.2
13.364,0,0.3
13.365,0,0.3
13.366,0,1.4
13.366,0,0.3
13.366,0,0.2
13.368,0,1.4
13.368,0,0.4
13.368,0,0.3
13.369,0,0.2
13.369,0,0.5
13.370,0,0.4
13.370,0,0.2
13.370,0,0.2
13.370,0,0.2
13.370,0,0.2
13.371,0,0.2
13.371,0,0.2
13.371,0,0.2
13.372,0,0.4
13.372,0,0.4
13.372,0,0.3
13.374,0,1.5
13.375,0,1.6
13.376,0,0.3
13.376,0,0.2
13.376,0,0.2
13.376,0,0.2
13.376,0,0.2
13.377,0,0.3
13.377,0,0.3
13.377,0,0.5
13.378,0,0.4
13.378,0,0.3
13.378,0,0.4
13.379,0,0.2
13.379,0,0.2
13.379,0,0.5
13.380,0,0.3
13.380,0,0.2
13.380,0,0.4
13.381,0,0.2
13.381,0,0.2
13.381,0,0.5
13.382,0,0.3
13.382,0,0.2
13.382,0,0.2
13.382,0,0.3
13.383,0,0.2
13.383,0,0.3
13.383,0,0.2
13.384,0,0.4
13.384,0,0.4
13.384,0,0.6
13.385,0,0.4
13.385,0,0.2
13.385,0,0.3
13.386,0,0.3
13.386,0,0.2
13.386,0,0.2
13.386,0,0.3
13.387,0,0.2
13.387,0,0.2
13.387,0,0.2
13.387,0,0.2
13.387,0,0.2
13.388,0,0.2
13.388,0,0.2
13.389,0,0.7
13.389,0,0.2
13.389,0,0.2
13.389,0,0.3
13.390,0,0.2
13.390,0,0.2
13.390,0,0.2
13.390,0,0.2
13.390,0,0.2
13.390,0,0.2
13.391,0,0.2
13.391,0,0.2
13.391,0,0.3
13.391,0,0.3
13.392,0,0.4
13.392,0,0.2
13.392,0,0.4
13.393,0,0.2
13.393,0,0.3
13.393,0,0.3
13.393,0,0.2
13.394,0,0.2
13.394,0,0.2
13.394,0,0.2
13.394,0,0.2
13.394,0,0.2
13.394,0,0.2
13.395,0,0.2
13.395,0,0.2
13.395,0,0.3
13.395,0,0.2
13.396,0,0.2
13.396,0,0.2
13.396,0,0.2
13.396,0,0.3
13.396,0,0.2
13.397,0,0.2
13.397,0,0.2
13.397,0,0.2
13.397,0,0.2
13.398,0,0.2
13.398,0,0.2
13.398,0,0.2
13.398,0,0.2
13.398,0,0.2
13.400,0,1.1
13.400,0,0.2
13.400,0,0.2
13.400,0,0.2
13.400,0,0.4
13.401,0,0.2
13.401,0,0.2
13.402,0,0.7
13.402,0,0.2
13.402,0,0.2
13.402,0,0.2
13.403,0,0.8
13.403,0,0.2
13.403,0,0.2
13.404,0,0.3
13.405,0,1.5
13.405,0,0.2
13.406,0,0.2
13.406,0,0.2
13.406,0,0.2
13.406,0,0.2
13.406,0,0.2
13.407,0,0.2
13.407,0,0.2
13.407,0,0.2
13.407,0,0.2
13.407,0,0.3
13.408,0,0.2
13.408,0,0.1
13.408,0,0.1
13.408,0,0.1
13.408,0,0.2
13.408,0,0.2
13.409,0,0.2
13.409,0,0.2
13.409,0,0.2
13.409,0,0.2
13.409,0,0.2
13.410,0,0.2
13.410,0,0.2
13.410,0,0.2
13.410,0,0.2
13.411,0,0.2
13.411,0,0.3
13.411,0,0.3
13.411,0,0.2
13.412,0,0.2
13.412,0,0.2
13.412,0,0.2
13.412,0,0.2
13.412,0,0.3
13.413,0,0.4
13.413,0,0.3
13.413,0,0.2
13.414,0,0.2
13.414,0,0.3
13.414,0,0.3
13.414,0,0.2
13.415,0,0.2
13.415,0,0.2
13.415,0,0.2
13.415,0,0.2
13.415,0,0.2
13.416,0,0.2
13.416,0,0.2
13.416,0,0.2
13.416,0,0.2
13.416,0,0.2
13.417,0,0.2
13.417,0,0.2
13.417,0,0.3
13.418,0,0.4
13.419,0,1.0
13.419,0,0.3
13.419,0,0.2
13.419,0,0.3
13.420,0,0.8
13.420,0,0.3
13.421,0,0.2
13.421,0,0.2
13.421,0,0.2
13.421,0,0.2
13.421,0,0.2
13.422,0,0.1
13.422,0,0.2
13.422,0,0.2
13.422,0,0.2
13.422,0,0.2
13.423,0,0.2
13.423,0,0.3
13.423,0,0.2
13.423,0,0.2
13.424,0,0.2
13.424,0,0.2
13.424,0,0.3
13.425,0,0.4
13.425,0,0.3
13.425,0,0.2
13.425,0,0.2
13.426,0,0.2
13.426,0,0.2
13.426,0,0.2
13.426,0,0.2
13.427,0,0.3
13.427,0,0.2
13.427,0,0.2
13.427,0,0.2
13.427,0,0.2
13.428,0,0.2
13.428,0,0.2
13.428,0,0.2
13.428,0,0.2
13.428,0,0.3
13.429,0,0.2
13.429,0,0.2
13.429,0,0.2
13.429,0,0.2
13.429,0,0.2
13.430,0,0.2
13.430,0,0.2
13.430,0,0.2
13.430,0,0.2
13.431,0,0.2
13.431,0,0.3
13.431,0,0.2
13.431,0,0.2
13.431,0,0.2
13.432,0,0.2
13.432,0,0.2
13.432,0,0.2
13.432,0,0.2
13.432,0,0.2
13.432,0,0.2
13.433,0,0.2
13.433,0,0.1
13.433,0,0.1
13.433,0,0.2
13.433,0,0.2
13.433,0,0.2
13.434,0,0.2
13.434,0,0.2
13.434,0,0.2
13.434,0,0.2
13.434,0,0.2
13.435,0,0.2
13.435,0,0.2
13.435,0,0.2
13.435,0,0.2
13.435,0,0.2
13.436,0,0.2
13.436,0,0.2
13.436,0,0.2
13.436,0,0.2
13.436,0,0.2
13.437,0,0.2
13.437,0,0.2
13.437,0,0.2
13.437,0,0.2
13.437,0,0.2
13.438,0,0.2
13.438,0,0.2
13.438,0,0.2
13.438,0,0.2
13.438,0,0.2
13.439,0,0.2
13.439,0,0.3
13.439,0,0.2
13.439,0,0.2
13.440,0,0.2
13.440,0,0.2
13.440,0,0.2
13.440,0,0.2
13.440,0,0.2
13.440,0,0.2
13.441,0,0.2
13.441,0,0.2
13.441,0,0.2
13.441,0,0.2
13.441,0,0.2
13.442,0,0.7
13.444,0,2.3
13.445,0,0.8
13.445,0,0.3
13.446,0,0.2
13.446,0,0.2
13.446,0,0.2
13.446,0,0.2
13.447,0,0.2
13.447,0,0.2
13.447,0,0.2
13.447,0,0.2
13.447,0,0.2
13.447,0,0.2
13.448,0,0.2
13.448,0,0.2
13.448,0,0.2
13.448,0,0.2
13.448,0,0.2
13.448,0,0.2
13.449,0,0.2
13.449,0,0.2
13.449,0,0.2
13.449,0,0.2
13.449,0,0.2
13.449,0,0.2
13.450,0,0.2
13.450,0,0.2
13.450,0,0.2
13.450,0,0.2
13.451,0,0.9
13.452,0,0.7
13.452,0,0.2
13.452,0,0.1
13.452,0,0.2
13.453,0,0.2
13.453,0,0.2
13.453,0,0.1
13.453,0,0.1
13.453,0,0.1
13.453,0,0.1
13.454,0,0.3
13.454,0,0.2
13.454,0,0.2
13.454,0,0.2
13.454,0,0.2
13.454,0,0.2
13.455,0,0.2
13.455,0,0.2
13.455,0,0.2
13.455,0,0.2
13.455,0,0.2
13.455,0,0.2
13.456,0,0.2
13.456,0,0.1
13.456,0,0.1
13.456,0,0.1
13.456,0,0.1
13.456,0,0.2
13.456,0,0.2
13.457,0,0.2
13.457,0,0.1
13.457,0,0.1
13.457,0,0.1
13.457,0,0.1
13.457,0,0.1
13.457,0,0.2
13.458,0,0.1
13.458,0,0.2
13.458,0,0.1
13.458,0,0.1
13.458,0,0.2
13.458,0,0.2
13.459,0,0.3
13.459,0,0.2
13.459,0,0.2
13.459,0,0.2
13.459,0,0.2
13.460,0,0.2
13.460,0,0.2
13.460,0,0.2
13.461,0,0.7
13.461,0,0.4
13.461,0,0.3
13.461,0,0.2
13.462,0,0.2
13.462,0,0.2
13.462,0,0.2
13.462,0,0.2
13.462,0,0.2
13.463,0,0.2
13.463,0,0.2
13.463,0,0.2
13.463,0,0.2
13.463,0,0.2
13.463,0,0.2
13.464,0,0.2
13.464,0,0.2
13.464,0,0.2
13.464,0,0.1
13.464,0,0.3
13.465,0,0.2
13.465,0,0.2
13.465,0,0.2
13.465,0,0.2
13.465,0,0.2
13.465,0,0.2
13.466,0,0.2
13.466,0,0.2
13.466,0,0.2
13.466,0,0.2
13.466,0,0.2
13.467,0,0.2
13.467,0,0.1
13.467,0,0.1
13.467,0,0.1
13.467,0,0.1
13.467,0,0.1
13.467,0,0.2
13.468,0,0.2
13.468,0,0.2
13.468,0,0.2
13.468,0,0.3
13.468,0,0.2
13.469,0,0.2
13.469,0,0.2
13.469,0,0.2
13.469,0,0.2
13.469,0,0.2
13.470,0,0.2
13.470,0,0.2
13.470,0,0.2
13.470,0,0.2
13.470,0,0.2
13.470,0,0.2
13.471,0,0.2
13.471,0,0.2
13.471,0,0.2
13.471,0,0.2
13.471,0,0.2
13.471,0,0.2
13.472,0,0.2
13.472,0,0.2
13.472,0,0.1
13.472,0,0.1
13.472,0,0.2
13.472,0,0.2
13.472,0,0.2
13.473,0,0.1
13.473,0,0.1
13.473,0,0.1
13.473,0,0.1
13.473,0,0.2
13.473,0,0.2
13.474,0,0.2
13.474,0,0.2
13.474,0,0.1
13.474,0,0.1
13.474,0,0.2
13.474,0,0.2
13.475,0,0.2
13.475,0,0.1
13.475,0,0.1
13.475,0,0.1
13.475,0,0.1
13.475,0,0.2
13.476,0,0.6
13.476,0,0.2
13.476,0,0.2
13.477,0,0.2
13.477,0,0.2
13.477,0,0.2
13.477,0,0.2
13.477,0,0.2
13.477,0,0.2
13.478,0,0.2
13.478,0,0.2
13.478,0,0.3
13.478,0,0.1
13.478,0,0.2
13.479,0,0.1
13.479,0,0.1
13.479,0,0.2
13.479,0,0.1
13.479,0,0.1
13.479,0,0.2
13.479,0,0.1
13.480,0,0.1
13.480,0,0.1
13.480,0,0.1
13.480,0,0.1
13.480,0,0.1
13.480,0,0.2
13.480,0,0.2
13.481,0,0.2
13.481,0,0.2
13.481,0,0.2
13.481,0,0.2
13.481,0,0.2
13.482,0,0.2
13.482,0,0.2
13.482,0,0.2
13.482,0,0.2
13.482,0,0.2
13.482,0,0.2
13.483,0,0.2
13.483,0,0.2
13.483,0,0.2
13.483,0,0.2
13.483,0,0.2
13.484,0,1.0
13.485,0,0.2
13.485,0,0.3
13.485,0,0.2
13.485,0,0.2
13.486,0,1.0
13.487,0,0.3
13.487,0,0.4
13.487,0,0.2
13.487,0,0.2
13.488,0,0.2
13.488,0,0.2
13.488,0,0.2
13.488,0,0.2
13.488,0,0.2
13.489,0,0.2
13.489,0,0.2
13.489,0,0.2
13.489,0,0.2
13.489,0,0.2
13.489,0,0.2
13.490,0,0.2
13.490,0,0.2
13.490,0,0.2
13.490,0,0.2
13.490,0,0.2
13.491,0,0.2
13.491,0,0.2
13.491,0,0.1
13.491,0,0.1
13.491,0,0.1
13.491,0,0.2
13.491,0,0.1
13.492,0,0.1
13.492,0,0.2
13.492,0,0.2
13.492,0,0.2
13.492,0,0.3
13.493,0,0.2
13.493,0,0.2
13.493,0,0.2
13.493,0,0.2
13.493,0,0.2
13.493,0,0.1
13.494,0,0.2
13.494,0,0.2
13.494,0,0.2
13.494,0,0.2
13.494,0,0.2
13.495,0,0.2
13.495,0,0.2
13.495,0,0.6
13.496,0,0.2
13.496,0,0.2
13.496,0,0.5
13.497,0,0.2
13.497,0,0.2
13.497,0,0.2
13.497,0,0.2
13.497,0,0.2
13.497,0,0.2
13.498,0,0.2
13.499,0,1.1
13.500,0,0.7
13.500,0,0.5
13.501,0,0.8
13.501,0,0.2
13.501,0,0.2
13.501,0,0.2
13.502,0,0.2
13.502,0,0.2
13.502,0,0.3
13.502,0,0.2
13.502,0,0.2
13.503,0,0.2
13.503,0,0.2
13.503,0,0.3
13.505,0,1.8
13.505,0,0.3
13.508,0,3.0
13.510,0,1.5
13.511,0,0.9
13.511,0,0.7
13.512,0,0.3
13.512,0,0.5
13.513,0,0.3
13.513,0,0.3
13.513,0,0.3
13.515,0,2.0
13.517,0,1.6
13.517,0,0.3
13.517,0,0.2
13.519,0,1.3
13.519,0,0.2
13.519,0,0.2
13.519,0,0.2
13.519,0,0.3
13.520,0,0.2
13.520,0,0.4
13.520,0,0.3
13.521,0,0.2
13.521,0,0.2
13.521,0,0.2
13.521,0,0.2
13.522,0,0.3
13.523,0,1.4
13.524,0,0.7
13.524,0,0.6
13.526,0,1.5
13.527,0,0.6
13.527,0,0.2
13.527,0,0.2
13.527,0,0.2
13.527,0,0.2
13.528,0,0.2
13.528,0,0.2
13.528,0,0.2
13.529,0,0.7
13.529,0,0.4
13.529,0,0.3
13.530,0,0.3
13.530,0,0.2
13.530,0,0.2
13.530,0,0.2
13.531,0,0.2
13.531,0,0.2
13.531,0,0.3
13.532,0,0.6
13.534,0,1.8
13.534,0,0.3
13.534,0,0.4
13.536,0,1.6
13.536,0,0.6
13.537,0,0.3
13.537,0,0.2
13.537,0,0.2
13.537,0,0.2
13.538,0,0.2
13.538,0,0.4
13.538,0,0.4
13.539,0,0.2
13.539,0,0.4
13.539,0,0.2
13.540,0,0.3
13.540,0,0.3
13.540,0,0.6
13.541,0,0.2
13.541,0,0.8
13.542,0,0.3
13.542,0,0.2
13.542,0,0.3
13.543,0,0.3
13.543,0,0.2
13.543,0,0.2
13.543,0,0.3
13.544,0,0.3
13.544,0,0.9
13.545,0,0.3
13.545,0,0.2
13.545,0,0.3
13.546,0,0.4
13.546,0,0.9
13.547,0,0.3
13.547,0,0.3
13.548,0,0.7
13.548,0,0.3
13.548,0,0.4
13.553,0,4.9
13.554,0,0.6
13.554,0,0.3
13.554,0,0.3
13.559,0,4.1
13.559,0,0.7
13.560,0,1.0
13.561,0,0.3
13.561,0,0.4
13.561,0,0.2
13.561,0,0.3
13.562,0,0.7
13.562,0,0.2
13.563,0,0.3
13.563,0,0.2
13.563,0,0.2
13.563,0,0.3
13.564,0,0.2
13.564,0,0.2
13.564,0,0.2
13.564,0,0.3
13.565,0,0.2
13.565,0,0.2
13.565,0,0.2
13.565,0,0.2
13.565,0,0.2
13.566,0,0.2
13.566,0,0.2
13.566,0,0.3
13.566,0,0.3
13.567,0,0.2
13.567,0,0.2
13.567,0,0.2
13.567,0,0.2
13.567,0,0.2
13.568,0,0.2
13.568,0,0.2
13.568,0,0.2
13.568,0,0.3
13.569,0,0.2
13.569,0,0.3
13.569,0,0.5
13.570,0,0.2
13.571,0,1.0
13.571,0,0.2
13.571,0,0.2
13.573,0,1.5
13.573,0,0.2
13.573,0,0.2
13.573,0,0.2
13.573,0,0.3
13.574,0,0.2
13.574,0,0.2
13.574,0,0.2
13.574,0,0.2
13.575,0,0.2
13.575,0,0.2
13.575,0,0.2
13.575,0,0.3
13.576,0,0.2
13.576,0,0.2
13.576,0,0.3
13.576,0,0.4
13.577,0,0.3
13.577,0,0.2
13.577,0,0.2
13.577,0,0.2
13.578,0,0.2
13.578,0,0.2
13.578,0,0.2
13.578,0,0.2
13.578,0,0.2
13.579,0,0.2
13.579,0,0.2
13.579,0,0.2
13.579,0,0.2
13.580,0,0.2
13.580,0,0.2
13.580,0,0.3
13.580,0,0.2
13.581,0,0.2
13.581,0,0.2
13.581,0,0.2
13.581,0,0.2
13.581,0,0.2
13.582,0,0.3
13.582,0,0.3
13.582,0,0.2
13.583,0,1.1
13.584,0,0.2
13.584,0,0.3
13.584,0,0.2
13.584,0,0.3
13.585,0,0.2
13.585,0,0.2
13.585,0,0.2
13.585,0,0.2
13.586,0,0.2
13.587,0,1.2
13.587,0,0.2
13.587,0,0.2
13.587,0,0.2
13.588,0,0.2
13.588,0,0.2
13.588,0,0.2
13.588,0,0.3
13.588,0,0.2
13.589,0,0.2
13.589,0,0.2
13.589,0,0.2
13.589,0,0.2
13.589,0,0.2
13.590,0,0.2
13.590,0,0.2
13.590,0,0.2
13.590,0,0.2
13.591,0,0.4
13.591,0,0.2
13.591,0,0.2
13.591,0,0.2
13.591,0,0.2
13.591,0,0.2
13.592,0,0.2
13.592,0,0.2
13.592,0,0.2
13.592,0,0.2
13.592,0,0.2
13.593,0,0.2
13.593,0,0.2
13.593,0,0.2
13.593,0,0.2
13.593,0,0.2
13.593,0,0.2
13.594,0,0.2
13.594,0,0.2
13.594,0,0.2
13.594,0,0.2
13.594,0,0.2
13.594,0,0.2
13.595,0,0.2
13.595,0,0.2
13.595,0,0.3
13.595,0,0.2
13.595,0,0.2
13.596,0,0.2
13.596,0,0.2
13.596,0,0.2
13.596,0,0.2
13.596,0,0.2
13.597,0,0.2
13.597,0,0.2
13.597,0,0.2
13.597,0,0.2
13.597,0,0.2
13.598,0,0.2
13.598,0,0.2
13.598,0,0.2
13.598,0,0.2
13.598,0,0.2
13.599,0,0.2
13.599,0,0.2
13.599,0,0.2
13.599,0,0.2
13.599,0,0.3
13.600,0,0.2
13.600,0,0.2
13.600,0,0.2
13.600,0,0.2
13.600,0,0.2
13.601,0,0.2
13.601,0,0.2
13.601,0,0.2
13.601,0,0.2
13.601,0,0.3
13.602,0,0.3
13.602,0,0.2
13.602,0,0.2
13.602,0,0.2
13.603,0,0.2
13.603,0,0.2
13.603,0,0.2
13.603,0,0.2
13.603,0,0.2
13.604,0,0.2
13.604,0,0.2
13.604,0,0.2
13.604,0,0.2
13.604,0,0.2
13.605,0,0.2
13.605,0,0.2
13.607,0,1.8
13.607,0,0.2
13.607,0,0.2
13.607,0,0.2
13.608,0,0.2
13.608,0,0.2
13.608,0,0.2
13.608,0,0.2
13.609,0,1.0
13.609,0,0.2
13.610,0,0.2
13.610,0,0.2
13.610,0,0.2
13.610,0,0.2
13.610,0,0.2
13.611,0,0.2
13.611,0,0.2
13.611,0,0.4
13.612,0,0.2
13.612,0,0.2
13.612,0,0.2
13.612,0,0.3
13.613,0,0.3
13.614,0,1.4
13.615,0,0.9
13.616,0,0.9
13.616,0,0.3
13.616,0,0.2
13.617,0,0.2
13.617,0,0.2
13.617,0,0.3
13.617,0,0.4
13.618,0,0.2
13.618,0,0.3
13.618,0,0.2
13.618,0,0.3
13.619,0,0.2
13.619,0,0.2
13.619,0,0.2
13.619,0,0.2
13.619,0,0.2
13.620,0,0.2
13.620,0,0.7
13.621,0,0.5
13.621,0,0.3
13.622,0,1.3
13.623,0,0.3
13.623,0,0.2
13.623,0,0.2
13.623,0,0.3
13.624,0,0.3
13.624,0,0.3
13.624,0,0.3
13.625,0,0.3
13.625,0,0.4
13.626,0,0.7
13.626,0,0.3
13.626,0,0.2
13.630,0,3.3
13.631,0,1.1
13.631,0,0.3
13.631,0,0.3
13.631,0,0.3
13.632,0,0.2
13.632,0,0.2
13.632,0,0.3
13.633,0,0.3
13.633,0,0.2
13.633,0,0.2
13.634,0,0.8
13.634,0,0.3
13.636,0,1.5
13.636,0,0.3
13.636,0,0.3
13.637,0,0.3
13.637,0,0.3
13.637,0,0.3
13.641,0,4.0
13.641,0,0.4
13.643,0,1.1
13.643,0,0.2
13.643,0,0.2
13.643,0,0.2
13.645,0,1.7
13.645,0,0.3
13.645,0,0.2
13.646,0,0.2
13.646,0,0.2
13.646,0,0.2
13.646,0,0.2
13.646,0,0.2
13.647,0,0.2
13.647,0,0.2
13.647,0,0.2
13.647,0,0.2
13.647,0,0.2
13.647,0,0.2
13.648,0,0.2
13.648,0,0.2
13.648,0,0.2
13.648,0,0.2
13.648,0,0.2
13.649,0,0.2
13.649,0,0.2
13.649,0,0.2
13.649,0,0.2
13.649,0,0.2
13.649,0,0.2
13.650,0,0.2
13.650,0,0.2
13.650,0,0.2
13.650,0,0.2
13.651,0,0.2
13.651,0,0.2
13.651,0,0.3
13.651,0,0.2
13.652,0,0.3
13.652,0,0.3
13.652,0,0.4
13.653,0,0.3
13.653,0,0.5
13.654,0,0.4
13.654,0,0.3
13.654,0,0.2
13.654,0,0.2
13.654,0,0.2
13.655,0,0.2
13.655,0,0.2
13.655,0,0.2
13.655,0,0.2
13.655,0,0.2
13.656,0,0.2
13.656,0,0.2
13.656,0,0.2
13.656,0,0.2
13.656,0,0.2
13.657,0,0.2
13.657,0,0.3
13.657,0,0.2
13.657,0,0.2
13.658,0,0.4
13.658,0,0.2
13.658,0,0.2
13.658,0,0.3
13.659,0,0.4
13.660,0,1.0
13.660,0,0.5
13.661,0,0.2
13.661,0,0.3
13.661,0,0.2
13.661,0,0.3
13.662,0,0.2
13.662,0,0.2
13.662,0,0.2
13.662,0,0.2
13.662,0,0.2
13.663,0,0.2
13.663,0,0.2
13.663,0,0.2
13.663,0,0.2
13.663,0,0.2
13.664,0,0.2
13.664,0,0.3
13.664,0,0.3
13.664,0,0.3
13.665,0,0.2
13.665,0,0.2
13.665,0,0.2
13.665,0,0.2
13.665,0,0.2
13.666,0,0.2
13.666,0,0.3
13.666,0,0.2
13.666,0,0.2
13.667,0,0.4
13.667,0,0.2
13.667,0,0.2
13.667,0,0.1
13.667,0,0.2
13.667,0,0.2
13.668,0,0.2
13.668,0,0.2
13.668,0,0.2
13.668,0,0.2
13.668,0,0.2
13.669,0,0.2
13.669,0,0.2
13.669,0,0.2
13.669,0,0.2
13.669,0,0.2
13.669,0,0.2
13.670,0,0.2
13.670,0,0.2
13.670,0,0.2
13.670,0,0.2
13.670,0,0.2
13.671,0,0.2
13.671,0,0.2
13.671,0,0.2
13.671,0,0.2
13.671,0,0.2
13.671,0,0.2
13.671,0,0.2
13.672,0,0.2
13.672,0,0.2
13.672,0,0.1
13.672,0,0.2
13.672,0,0.2
13.672,0,0.2
13.673,0,0.2
13.673,0,0.2
13.673,0,0.2
13.673,0,0.2
13.673,0,0.2
13.673,0,0.2
13.674,0,0.2
13.674,0,0.2
13.674,0,0.2
13.674,0,0.2
13.674,0,0.2
13.674,0,0.2
13.675,0,0.2
13.675,0,0.1
13.675,0,0.2
13.675,0,0.2
13.675,0,0.2
13.675,0,0.2
13.676,0,0.2
13.676,0,0.2
13.676,0,0.2
13.676,0,0.2
13.676,0,0.2
13.676,0,0.2
13.677,0,0.2
13.677,0,0.2
13.677,0,0.2
13.677,0,0.2
13.677,0,0.2
13.678,0,0.2
13.679,0,1.1
13.679,0,0.2
13.679,0,0.2
13.679,0,0.2
13.679,0,0.2
13.679,0,0.2
13.680,0,0.2
13.680,0,0.2
13.680,0,0.2
13.680,0,0.2
13.680,0,0.3
13.681,0,0.2
13.681,0,0.2
13.681,0,0.2
13.681,0,0.2
13.681,0,0.2
13.682,0,0.2
13.682,0,0.2
13.682,0,0.3
13.682,0,0.2
13.682,0,0.2
13.682,0,0.2
13.683,0,0.2
13.683,0,0.2
13.683,0,0.2
13.683,0,0.2
13.684,0,0.2
13.684,0,0.2
13.684,0,0.2
13.684,0,0.2
13.684,0,0.2
13.684,0,0.2
13.685,0,0.2
13.685,0,0.2
13.685,0,0.2
13.685,0,0.2
13.685,0,0.2
13.686,0,0.4
13.686,0,0.2
13.686,0,0.2
13.686,0,0.2
13.686,0,0.2
13.687,0,0.2
13.687,0,0.2
13.687,0,0.3
13.687,0,0.2
13.688,0,0.2
13.688,0,0.2
13.688,0,0.2
13.688,0,0.2
13.688,0,0.2
13.689,0,0.2
13.689,0,0.2
13.689,0,0.2
13.689,0,0.2
13.689,0,0.2
13.689,0,0.2
13.690,0,0.2
13.690,0,0.2
13.690,0,0.2
13.690,0,0.2
13.690,0,0.2
13.691,0,0.2
13.691,0,0.2
13.691,0,0.2
13.691,0,0.2
13.691,0,0.2
13.691,0,0.2
13.692,0,0.2
13.692,0,0.2
13.692,0,0.2
13.692,0,0.2
13.692,0,0.2
13.693,0,0.2
13.693,0,0.2
13.693,0,0.2
13.693,0,0.3
13.695,0,1.3
13.695,0,0.2
13.696,0,1.0
13.696,0,0.3
13.696,0,0.2
13.697,0,0.3
13.697,0,0.2
13.697,0,0.2
13.697,0,0.2
13.697,0,0.2
13.697,0,0.2
13.698,0,0.2
13.698,0,0.2
13.698,0,0.2
13.698,0,0.2
13.698,0,0.2
13.699,0,0.2
13.699,0,0.2
13.699,0,0.2
13.699,0,0.2
13.699,0,0.2
13.700,0,0.2
13.700,0,0.2
13.700,0,0.2
13.700,0,0.2
13.700,0,0.2
13.701,0,0.2
13.701,0,0.2
13.701,0,0.2
13.701,0,0.2
13.701,0,0.2
13.702,0,0.2
13.702,0,0.2
13.702,0,0.2
13.702,0,0.2
13.702,0,0.2
13.703,0,0.2
13.703,0,0.2
13.703,0,0.2
13.703,0,0.2
13.703,0,0.2
13.703,0,0.2
13.704,0,0.2
13.704,0,0.2
13.704,0,0.2
13.704,0,0.2
13.704,0,0.2
13.705,0,0.2
13.705,0,0.2
13.705,0,0.2
13.705,0,0.2
13.705,0,0.2
13.706,0,0.2
13.706,0,0.2
13.706,0,0.2
13.706,0,0.2
13.706,0,0.2
13.707,0,0.3
13.707,0,0.2
13.707,0,0.2
13.707,0,0.2
13.707,0,0.2
13.708,0,0.2
13.708,0,0.3
13.708,0,0.3
13.709,0,0.2
13.709,0,0.1
13.709,0,0.1
13.709,0,0.2
13.709,0,0.2
13.709,0,0.2
13.710,0,0.2
13.710,0,0.2
13.710,0,0.2
13.710,0,0.2
13.710,0,0.2
13.711,0,0.2
13.711,0,0.2
13.711,0,0.2
13.711,0,0.2
13.711,0,0.2
13.711,0,0.2
13.712,0,0.2
13.712,0,0.2
13.712,0,0.2
13.712,0,0.2
13.712,0,0.2
13.713,0,0.2
13.713,0,0.2
13.713,0,0.2
13.713,0,0.2
13.713,0,0.2
13.713,0,0.2
13.714,0,0.2
13.714,0,0.8
13.715,0,0.3
13.715,0,0.2
13.715,0,0.2
13.716,0,1.0
13.718,0,1.5
13.718,0,0.3
13.718,0,0.2
13.718,0,0.2
13.719,0,0.2
13.719,0,0.2
13.719,0,0.2
13.719,0,0.2
13.719,0,0.2
13.719,0,0.2
13.720,0,0.2
13.720,0,0.2
13.720,0,0.2
13.720,0,0.1
13.720,0,0.1
13.720,0,0.2
13.721,0,0.2
13.721,0,0.2
13.721,0,0.2
13.721,0,0.2
13.721,0,0.2
13.721,0,0.2
13.721,0,0.2
13.722,0,0.2
13.722,0,0.2
13.722,0,0.1
13.722,0,0.2
13.722,0,0.1
13.722,0,0.1
13.722,0,0.1
13.723,0,0.1
13.723,0,0.1
13.723,0,0.1
13.723,0,0.1
13.723,0,0.1
13.723,0,0.1
13.723,0,0.1
13.724,0,0.1
13.724,0,0.1
13.724,0,0.1
13.724,0,0.1
13.724,0,0.1
13.724,0,0.2
13.725,0,0.2
13.725,0,0.2
13.725,0,0.2
13.725,0,0.2
13.725,0,0.2
13.725,0,0.2
13.726,0,0.2
13.726,0,0.2
13.726,0,0.2
13.726,0,0.2
13.726,0,0.2
13.726,0,0.3
13.727,0,0.2
13.727,0,0.3
13.727,0,0.2
13.727,0,0.2
13.727,0,0.2
13.728,0,0.1
13.728,0,0.1
13.728,0,0.1
13.728,0,0.1
13.728,0,0.2
13.728,0,0.2
13.729,0,0.2
13.729,0,0.2
13.729,0,0.3
13.729,0,0.2
13.729,0,0.2
13.730,0,0.2
13.730,0,0.2
13.730,0,0.2
13.730,0,0.2
13.730,0,0.2
13.731,0,0.2
13.731,0,0.2
13.731,0,0.2
13.731,0,0.2
13.731,0,0.2
13.731,0,0.2
13.732,0,0.2
13.732,0,0.2
13.732,0,0.2
13.732,0,0.2
13.733,0,0.4
13.733,0,0.2
13.733,0,0.2
13.733,0,0.2
13.733,0,0.2
13.733,0,0.2
13.734,0,0.2
13.734,0,0.2
13.734,0,0.2
13.734,0,0.2
13.734,0,0.2
13.735,0,0.2
13.735,0,0.2
13.735,0,0.2
13.735,0,0.2
13.735,0,0.2
13.735,0,0.2
13.736,0,0.2
13.736,0,0.2
13.736,0,0.2
13.736,0,0.2
13.736,0,0.2
13.736,0,0.2
13.737,0,0.2
13.737,0,0.2
13.737,0,0.2
13.737,0,0.2
13.737,0,0.2
13.738,0,0.3
13.738,0,0.2
13.738,0,0.2
13.738,0,0.2
13.738,0,0.2
13.739,0,0.2
13.739,0,0.2
13.739,0,0.2
13.739,0,0.2
13.740,0,0.2
13.740,0,0.2
13.740,0,0.2
13.740,0,0.2
13.740,0,0.2
13.741,0,0.2
13.741,0,0.2
13.741,0,0.2
13.741,0,0.2
13.741,0,0.2
13.742,0,0.2
13.743,0,1.9
13.744,0,0.3
13.744,0,0.2
13.744,0,0.2
13.744,0,0.2
13.744,0,0.2
13.745,0,0.2
13.745,0,0.2
13.745,0,0.2
13.745,0,0.2
13.745,0,0.2
13.745,0,0.2
13.746,0,0.2
13.746,0,0.2
13.746,0,0.2
13.746,0,0.2
13.746,0,0.2
13.747,0,0.2
13.747,0,0.2
13.747,0,0.2
13.747,0,0.2
13.747,0,0.2
13.747,0,0.2
13.748,0,0.2
13.748,0,0.2
13.748,0,0.2
13.748,0,0.2
13.749,0,0.2
13.749,0,0.2
13.749,0,0.2
13.749,0,0.2
13.749,0,0.2
13.749,0,0.2
13.750,0,0.2
13.750,0,0.2
13.750,0,0.2
13.750,0,0.2
13.750,0,0.2
13.751,0,0.2
13.751,0,0.2
13.751,0,0.2
13.751,0,0.2
13.751,0,0.2
13.751,0,0.2
13.752,0,0.2
13.752,0,0.2
13.752,0,0.2
13.752,0,0.2
13.752,0,0.2
13.753,0,0.2
13.753,0,0.2
13.753,0,0.2
13.753,0,0.2
13.753,0,0.2
13.753,0,0.2
13.754,0,0.2
13.754,0,0.2
13.754,0,0.2
13.754,0,0.2
13.754,0,0.2
13.754,0,0.2
13.755,0,0.2
13.755,0,0.8
13.756,0,0.3
13.756,0,0.2
13.756,0,0.2
13.756,0,0.2
13.757,0,0.2
13.757,0,0.2
13.757,0,0.2
13.757,0,0.2
13.757,0,0.2
13.757,0,0.2
13.758,0,0.2
13.758,0,0.2
13.758,0,0.2
13.758,0,0.2
13.759,0,0.2
13.759,0,0.2
13.759,0,0.2
13.759,0,0.2
13.759,0,0.2
13.759,0,0.2
13.760,0,0.2
13.760,0,0.2
13.760,0,0.2
13.760,0,0.2
13.760,0,0.2
13.761,0,0.2
13.761,0,0.2
13.761,0,0.2
13.761,0,0.2
13.761,0,0.2
13.761,0,0.2
13.762,0,0.2
13.762,0,0.2
13.762,0,0.2
13.762,0,0.2
13.762,0,0.2
13.763,0,0.3
13.763,0,0.2
13.763,0,0.2
13.763,0,0.2
13.763,0,0.2
13.764,0,0.2
13.764,0,0.2
13.764,0,0.2
13.764,0,0.2
13.764,0,0.2
13.764,0,0.2
13.765,0,0.2
13.765,0,0.2
13.765,0,0.2
13.765,0,0.2
13.765,0,0.2
13.766,0,0.2
13.766,0,0.2
13.766,0,0.2
13.766,0,0.2
13.766,0,0.2
13.767,0,0.2
13.767,0,0.2
13.767,0,0.2
13.767,0,0.2
13.767,0,0.2
13.767,0,0.2
13.768,0,0.2
13.768,0,0.2
13.768,0,0.2
13.768,0,0.3
13.769,0,0.2
13.769,0,0.2
13.769,0,0.2
13.769,0,0.2
13.769,0,0.2
13.770,0,0.2
13.770,0,0.2
13.770,0,0.2
13.770,0,0.2
13.771,0,0.2
13.771,0,0.2
13.771,0,0.2
13.771,0,0.2
13.771,0,0.2
13.772,0,0.2
13.772,0,0.2
13.772,0,0.2
13.772,0,0.3
13.774,0,2.1
13.775,0,0.3
13.775,0,0.2
13.775,0,0.2
13.775,0,0.2
13.776,0,0.2
13.776,0,0.2
13.776,0,0.2
13.776,0,0.2
13.776,0,0.2
13.776,0,0.2
13.777,0,0.2
13.777,0,0.2
13.777,0,0.2
13.777,0,0.2
13.777,0,0.2
13.778,0,0.2
13.778,0,0.2
13.778,0,0.2
13.778,0,0.2
13.778,0,0.2
13.779,0,0.3
13.779,0,0.2
13.779,0,0.2
13.779,0,0.2
13.779,0,0.2
13.780,0,0.2
13.780,0,0.2
13.780,0,0.2
13.780,0,0.2
13.780,0,0.2
13.780,0,0.2
13.781,0,0.2
13.781,0,0.2
13.781,0,0.2
13.781,0,0.2
13.781,0,0.2
13.782,0,0.2
13.782,0,0.2
13.782,0,0.2
13.782,0,0.2
13.782,0,0.2
13.783,0,0.2
13.783,0,0.2
13.783,0,0.2
13.783,0,0.2
13.783,0,0.2
13.784,0,0.2
13.784,0,0.2
13.784,0,0.2
13.784,0,0.3
13.785,0,1.0
13.786,0,0.2
13.786,0,0.2
13.786,0,0.2
13.786,0,0.2
13.787,0,0.3
13.787,0,0.3
13.789,0,2.1
13.791,0,2.3
13.793,0,1.6
13.793,0,0.4
13.797,0,3.7
13.803,0,6.3
13.807,0,4.1
13.811,0,4.0
13.812,0,0.2
13.812,0,0.2
13.812,0,0.2
13.812,0,0.3
13.813,0,0.3
13.813,0,0.2
13.813,0,0.2
13.813,0,0.2
13.814,0,0.2
13.815,0,1.0
13.815,0,0.2
13.815,0,0.2
13.815,0,0.2
13.815,0,0.2
13.816,0,0.2
13.816,0,0.2
13.816,0,0.2
13.816,0,0.2
13.816,0,0.3
13.817,0,0.2
13.817,0,0.2
13.817,0,0.1
13.817,0,0.2
13.817,0,0.2
13.817,0,0.2
13.818,0,0.2
13.818,0,0.2
13.818,0,0.2
13.818,0,0.2
13.818,0,0.2
13.818,0,0.2
13.819,0,0.2
13.819,0,0.2
13.819,0,0.2
13.819,0,0.2
13.819,0,0.2
13.819,0,0.2
13.820,0,0.2
13.820,0,0.2
13.820,0,0.2
13.820,0,0.2
13.820,0,0.2
13.821,0,0.2
13.821,0,0.2
13.821,0,0.2
13.821,0,0.2
13.821,0,0.2
13.821,0,0.2
13.822,0,0.2
13.822,0,0.2
13.822,0,0.2
13.822,0,0.2
13.822,0,0.2
13.822,0,0.2
13.823,0,0.2
13.823,0,0.2
13.823,0,0.2
13.823,0,0.2
13.823,0,0.2
13.823,0,0.2
13.824,0,0.2
13.824,0,0.2
13.824,0,0.2
13.824,0,0.2
13.824,0,0.2
13.824,0,0.2
13.825,0,0.2
13.825,0,0.2
13.825,0,0.2
13.825,0,0.2
13.825,0,0.2
13.825,0,0.2
13.826,0,0.2
13.826,0,0.2
13.826,0,0.2
13.826,0,0.2
13.826,0,0.2
13.826,0,0.2
13.827,0,0.2
13.827,0,0.2
13.827,0,0.2
13.827,0,0.2
13.827,0,0.2
13.828,0,0.2
13.828,0,0.2
13.828,0,0.2
13.828,0,0.1
13.828,0,0.2
13.828,0,0.2
13.829,0,0.2
13.829,0,0.2
13.829,0,0.2
13.829,0,0.2
13.829,0,0.2
13.830,0,0.2
13.830,0,0.2
13.830,0,0.2
13.830,0,0.2
13.831,0,0.2
13.831,0,0.2
13.831,0,0.2
13.831,0,0.2
13.831,0,0.2
13.832,0,0.2
13.832,0,0.2
13.832,0,0.2
13.832,0,0.3
13.833,0,0.2
13.833,0,0.2
13.833,0,0.2
13.833,0,0.3
13.834,0,0.2
13.834,0,0.2
13.834,0,0.2
13.834,0,0.2
13.835,0,0.2
13.835,0,0.2
13.835,0,0.2
13.835,0,0.3
13.836,0,0.2
13.836,0,0.2
13.836,0,0.2
13.836,0,0.3
13.837,0,0.2
13.837,0,0.2
13.837,0,0.2
13.837,0,0.2
13.837,0,0.2
13.838,0,0.2
13.838,0,0.2
13.838,0,0.2
13.838,0,0.2
13.838,0,0.2
13.839,0,0.2
13.839,0,0.2
13.839,0,0.2
13.839,0,0.2
13.840,0,0.3
13.840,0,0.2
13.840,0,0.3
13.841,0,0.5
13.841,0,0.2
13.841,0,0.2
13.841,0,0.3
13.842,0,0.2
13.842,0,0.2
13.842,0,0.3
13.842,0,0.3
13.843,0,0.2
13.845,0,2.0
13.845,0,0.3
13.845,0,0.2
13.845,0,0.2
13.845,0,0.2
13.846,0,0.2
13.846,0,0.2
13.846,0,0.2
13.846,0,0.2
13.846,0,0.2
13.847,0,0.2
13.847,0,0.2
13.847,0,0.2
13.847,0,0.2
13.848,0,0.3
13.848,0,0.3
13.848,0,0.2
13.848,0,0.3
13.849,0,0.2
13.849,0,0.2
13.849,0,0.2
13.849,0,0.2
13.850,0,0.2
13.850,0,0.2
13.850,0,0.3
13.852,0,1.5
13.853,0,1.0
13.854,0,1.5
13.854,0,0.3
13.855,0,0.3
13.855,0,0.2
13.855,0,0.2
13.855,0,0.2
13.855,0,0.2
13.856,0,0.2
13.856,0,0.2
13.856,0,0.2
13.856,0,0.2
13.856,0,0.2
13.856,0,0.2
13.857,0,0.2
13.857,0,0.2
13.857,0,0.2
13.857,0,0.2
13.857,0,0.2
13.858,0,0.3
13.858,0,0.2
13.858,0,0.2
13.858,0,0.3
13.859,0,0.2
13.859,0,0.1
13.859,0,0.2
13.859,0,0.2
13.859,0,0.2
13.859,0,0.2
13.860,0,0.2
13.860,0,0.1
13.860,0,0.1
13.860,0,0.1
13.860,0,0.1
13.861,0,0.4
13.861,0,0.2
13.861,0,0.2
13.861,0,0.2
13.861,0,0.2
13.862,0,0.2
13.862,0,0.2
13.862,0,0.2
13.862,0,0.2
13.862,0,0.2
13.862,0,0.2
13.863,0,0.2
13.863,0,0.2
13.863,0,0.2
13.863,0,0.2
13.863,0,0.2
13.863,0,0.2
13.864,0,0.2
13.864,0,0.2
13.864,0,0.2
13.864,0,0.2
13.864,0,0.2
13.864,0,0.2
13.865,0,0.2
13.865,0,0.2
13.865,0,0.2
13.865,0,0.2
13.865,0,0.2
13.865,0,0.2
13.866,0,0.2
13.866,0,0.2
13.866,0,0.2
13.866,0,0.2
13.866,0,0.2
13.867,0,0.2
13.867,0,0.2
13.867,0,0.2
13.867,0,0.2
13.867,0,0.2
13.867,0,0.2
13.868,0,0.2
13.868,0,0.2
13.868,0,0.2
13.868,0,0.2
13.868,0,0.2
13.868,0,0.2
13.869,0,0.2
13.869,0,0.2
13.869,0,0.2
13.869,0,0.2
13.869,0,0.2
13.870,0,0.2
13.870,0,0.2
13.870,0,0.2
13.870,0,0.2
13.870,0,0.2
13.871,0,0.2
13.871,0,0.2
13.871,0,0.2
13.871,0,0.2
13.871,0,0.2
13.872,0,0.2
13.872,0,0.2
13.872,0,0.2
13.872,0,0.3
13.873,0,0.2
13.873,0,0.2
13.873,0,0.2
13.873,0,0.2
13.873,0,0.2
13.874,0,0.2
13.874,0,0.2
13.874,0,0.2
13.874,0,0.2
13.874,0,0.2
13.875,0,0.2
13.875,0,0.2
13.875,0,0.2
13.875,0,0.2
13.875,0,0.2
13.875,0,0.2
13.876,0,0.2
13.876,0,0.2
13.876,0,0.2
13.876,0,0.2
13.876,0,0.2
13.877,0,0.2
13.877,0,0.2
13.877,0,0.2
13.877,0,0.2
13.877,0,0.2
13.877,0,0.2
13.878,0,0.2
13.878,0,0.2
13.878,0,0.2
13.878,0,0.2
13.878,0,0.2
13.879,0,0.2
13.879,0,0.2
13.879,0,0.2
13.879,0,0.2
13.879,0,0.2
13.879,0,0.2
13.880,0,0.2
13.880,0,0.2
13.880,0,0.2
13.880,0,0.2
13.880,0,0.2
13.880,0,0.2
13.881,0,0.2
13.881,0,0.2
13.881,0,0.2
13.881,0,0.2
13.881,0,0.2
13.882,0,0.2
13.882,0,0.2
13.882,0,0.2
13.882,0,0.2
13.882,0,0.2
13.882,0,0.2
13.883,0,0.2
13.883,0,0.2
13.883,0,0.2
13.883,0,0.2
13.883,0,0.2
13.884,0,0.2
13.884,0,0.2
13.884,0,0.2
13.884,0,0.2
13.884,0,0.2
13.884,0,0.2
13.885,0,0.2
13.885,0,0.2
13.885,0,0.3
13.885,0,0.3
13.886,0,0.2
13.887,0,1.0
13.887,0,0.3
13.887,0,0.2
13.887,0,0.2
13.887,0,0.2
13.888,0,0.1
13.888,0,0.1
13.888,0,0.2
13.890,0,1.8
13.890,0,0.2
13.890,0,0.3
13.890,0,0.2
13.891,0,0.2
13.892,0,1.5
13.892,0,0.3
13.893,0,0.2
13.893,0,0.2
13.893,0,0.2
13.893,0,0.2
13.894,0,0.2
13.894,0,0.2
13.894,0,0.2
13.894,0,0.2
13.894,0,0.2
13.895,0,0.2
13.895,0,0.2
13.895,0,0.2
13.895,0,0.2
13.895,0,0.2
13.896,0,0.2
13.896,0,0.2
13.896,0,0.2
13.896,0,0.2
13.896,0,0.3
13.897,0,0.2
13.897,0,0.2
13.897,0,0.2
13.897,0,0.2
13.897,0,0.2
13.897,0,0.2
13.898,0,0.2
13.898,0,0.2
13.898,0,0.2
13.898,0,0.2
13.898,0,0.2
13.898,0,0.2
13.899,0,0.2
13.899,0,0.2
13.899,0,0.2
13.899,0,0.2
13.899,0,0.2
13.899,0,0.2
13.900,0,0.2
13.900,0,0.2
13.900,0,0.2
13.900,0,0.2
13.900,0,0.2
13.901,0,0.2
13.901,0,0.2
13.901,0,0.2
13.901,0,0.2
13.901,0,0.2
13.901,0,0.2
13.902,0,0.2
13.902,0,0.2
13.902,0,0.2
13.902,0,0.2
13.902,0,0.2
13.903,0,0.2
13.903,0,0.2
13.903,0,0.2
13.903,0,0.2
13.903,0,0.2
13.904,0,0.2
13.904,0,0.2
13.904,0,0.2
13.904,0,0.2
13.904,0,0.2
13.904,0,0.2
13.905,0,0.6
13.905,0,0.2
13.906,0,0.2
13.906,0,0.2
13.906,0,0.3
13.906,0,0.2
13.907,0,0.5
13.908,0,1.5
13.909,0,0.8
13.909,0,0.2
13.910,0,0.2
13.910,0,0.2
13.910,0,0.2
13.910,0,0.3
13.911,0,0.2
13.911,0,0.3
13.911,0,0.2
13.911,0,0.3
13.912,0,0.2
13.912,0,0.2
13.912,0,0.2
13.912,0,0.2
13.912,0,0.2
13.913,0,0.2
13.913,0,0.3
13.913,0,0.3
13.914,0,0.3
13.914,0,0.3
13.914,0,0.2
13.914,0,0.2
13.915,0,0.2
13.915,0,0.2
13.915,0,0.3
13.915,0,0.2
13.916,0,0.3
13.916,0,0.5
13.916,0,0.3
13.917,0,0.3
13.917,0,0.3
13.917,0,0.3
13.917,0,0.2
13.918,0,0.3
13.918,0,0.5
13.918,0,0.2
13.919,0,0.2
13.919,0,0.2
13.919,0,0.2
13.919,0,0.4
13.920,0,0.2
13.920,0,0.5
13.920,0,0.2
13.921,0,0.2
13.921,0,0.2
13.921,0,0.2
13.921,0,0.2
13.921,0,0.2
13.921,0,0.2
13.922,0,0.2
13.922,0,0.5
13.922,0,0.2
13.923,0,0.2
13.923,0,0.2
13.923,0,0.2
13.923,0,0.2
13.923,0,0.2
13.924,0,0.3
13.924,0,0.2
13.924,0,0.2
13.924,0,0.2
13.924,0,0.2
13.925,0,0.2
13.925,0,0.2
13.925,0,0.2
13.925,0,0.2
13.925,0,0.2
13.926,0,0.2
13.926,0,0.2
13.926,0,0.2
13.927,0,0.9
13.927,0,0.2
13.927,0,0.2
13.927,0,0.2
13.928,0,0.2
13.929,0,1.0
13.929,0,0.2
13.929,0,0.2
13.929,0,0.2
13.929,0,0.2
13.930,0,0.2
13.930,0,0.2
13.930,0,0.2
13.930,0,0.2
13.931,0,0.2
13.931,0,0.2
13.931,0,0.2
13.931,0,0.2
13.931,0,0.2
13.932,0,0.2
13.932,0,0.2
13.932,0,0.2
13.932,0,0.2
13.932,0,0.2
13.933,0,0.2
13.933,0,0.2
13.933,0,0.2
13.933,0,0.2
13.933,0,0.2
13.934,0,0.2
13.934,0,0.2
13.934,0,0.2
13.934,0,0.2
13.934,0,0.2
13.935,0,0.2
13.935,0,0.2
13.935,0,0.2
13.935,0,0.2
13.935,0,0.2
13.936,0,0.2
13.936,0,0.2
13.936,0,0.2
13.936,0,0.4
13.937,0,0.2
13.937,0,0.2
13.937,0,0.2
13.937,0,0.2
13.937,0,0.2
13.938,0,0.2
13.938,0,0.2
13.938,0,0.2
13.938,0,0.2
13.938,0,0.2
13.938,0,0.2
13.939,0,0.2
13.939,0,0.3
13.939,0,0.2
13.939,0,0.2
13.940,0,0.2
13.940,0,0.2
13.940,0,0.2
13.940,0,0.3
13.941,0,0.3
13.941,0,0.2
13.941,0,0.2
13.941,0,0.2
13.941,0,0.2
13.942,0,0.2
13.942,0,0.2
13.942,0,0.2
13.942,0,0.2
13.942,0,0.2
13.943,0,0.2
13.943,0,0.2
13.943,0,0.2
13.943,0,0.2
13.943,0,0.2
13.944,0,0.2
13.944,0,0.2
13.944,0,0.2
13.944,0,0.2
13.944,0,0.2
13.945,0,0.2
13.945,0,0.2
13.945,0,0.2
13.945,0,0.2
13.945,0,0.2
13.946,0,0.2
13.946,0,0.2
13.946,0,0.2
13.946,0,0.2
13.946,0,0.2
13.947,0,0.2
13.947,0,0.2
13.947,0,0.2
13.947,0,0.1
13.947,0,0.2
13.947,0,0.2
13.948,0,0.2
13.948,0,0.1
13.948,0,0.2
13.948,0,0.2
13.948,0,0.2
13.948,0,0.2
13.949,0,0.2
13.949,0,0.2
13.949,0,0.2
13.949,0,0.2
13.949,0,0.2
13.950,0,0.2
13.950,0,0.2
13.950,0,0.2
13.950,0,0.2
13.950,0,0.2
13.951,0,0.2
13.951,0,0.2
13.951,0,0.3
13.951,0,0.2
13.951,0,0.2
13.952,0,0.2
13.952,0,0.2
13.952,0,0.2
13.952,0,0.3
13.952,0,0.2
13.953,0,0.2
13.953,0,0.2
13.953,0,0.2
13.953,0,0.2
13.953,0,0.2
13.954,0,0.2
13.954,0,0.2
13.954,0,0.2
13.954,0,0.2
13.954,0,0.2
13.955,0,0.2
13.955,0,0.2
13.955,0,0.2
13.955,0,0.2
13.955,0,0.2
13.955,0,0.2
13.956,0,0.2
13.956,0,0.3
13.956,0,0.3
13.956,0,0.2
13.957,0,0.2
13.957,0,0.2
13.957,0,0.2
13.957,0,0.2
13.958,0,0.2
13.958,0,0.2
13.958,0,0.2
13.958,0,0.2
13.958,0,0.3
13.959,0,0.2
13.959,0,0.2
13.959,0,0.2
13.959,0,0.2
13.959,0,0.2
13.960,0,0.2
13.960,0,0.2
13.960,0,0.2
13.962,0,1.5
13.962,0,0.2
13.962,0,0.2
13.962,0,0.3
13.963,0,0.7
13.963,0,0.2
13.963,0,0.2
13.964,0,0.2
13.964,0,0.2
13.964,0,0.2
13.964,0,0.2
13.965,0,0.2
13.965,0,0.2
13.965,0,0.2
13.965,0,0.2
13.965,0,0.2
13.965,0,0.2
13.966,0,0.2
13.966,0,0.2
13.966,0,0.2
13.966,0,0.2
13.967,0,0.3
13.967,0,0.2
13.967,0,0.6
13.968,0,0.4
13.968,0,0.3
13.968,0,0.3
13.969,0,0.2
13.969,0,0.2
13.969,0,0.3
13.969,0,0.2
13.969,0,0.2
13.969,0,0.2
13.970,0,0.2
13.970,0,0.2
13.970,0,0.2
13.970,0,0.2
13.970,0,0.2
13.971,0,0.2
13.971,0,0.3
13.971,0,0.2
13.971,0,0.2
13.972,0,0.2
13.972,0,0.2
13.972,0,0.2
13.972,0,0.2
13.972,0,0.2
13.973,0,0.2
13.973,0,0.2
13.973,0,0.2
13.973,0,0.2
13.973,0,0.2
13.974,0,0.2
13.974,0,0.2
13.974,0,0.3
13.974,0,0.2
13.975,0,0.2
13.975,0,0.2
13.975,0,0.2
13.975,0,0.2
13.975,0,0.2
13.976,0,0.2
13.976,0,0.2
13.976,0,0.2
13.976,0,0.2
13.976,0,0.2
13.977,0,0.2
13.977,0,0.2
13.977,0,0.2
13.977,0,0.2
13.977,0,0.2
13.978,0,0.2
13.978,0,0.2
13.978,0,0.2
13.978,0,0.2
13.979,0,0.2
13.979,0,0.2
13.979,0,0.2
13.979,0,0.2
13.979,0,0.2
13.980,0,0.2
13.980,0,0.2
13.980,0,0.2
13.980,0,0.2
13.980,0,0.3
13.981,0,0.2
13.981,0,0.3
13.981,0,0.2
13.982,0,1.2
13.983,0,0.2
13.983,0,0.2
13.983,0,0.2
13.983,0,0.2
13.983,0,0.2
13.984,0,0.2
13.984,0,0.2
13.984,0,0.2
13.984,0,0.2
13.984,0,0.3
13.985,0,0.2
13.985,0,0.3
13.985,0,0.3
13.985,0,0.3
13.986,0,0.2
13.986,0,0.2
13.986,0,0.2
13.986,0,0.2
13.987,0,0.2
13.987,0,0.2
13.987,0,0.2
13.987,0,0.2
13.987,0,0.2
13.988,0,0.6
13.988,0,0.1
13.988,0,0.2
13.989,0,0.2
13.989,0,0.2
13.989,0,0.2
13.989,0,0.2
13.989,0,0.2
13.990,0,0.3
13.990,0,0.2
13.990,0,0.2
13.990,0,0.2
13.990,0,0.2
13.990,0,0.2
13.991,0,0.2
13.991,0,0.2
13.991,0,0.2
13.991,0,0.2
13.991,0,0.2
13.992,0,0.2
13.992,0,0.1
13.992,0,0.1
13.992,0,0.2
13.992,0,0.2
13.992,0,0.2
13.993,0,0.2
13.996,0,3.7
13.997,0,0.3
13.997,0,0.2
13.997,0,0.2
13.997,0,0.2
13.997,0,0.2
13.998,0,0.2
13.998,0,0.2
13.998,0,0.2
13.998,0,0.1
13.998,0,0.2
13.998,0,0.2
13.999,0,0.3
13.999,0,0.2
13.999,0,0.1
13.999,0,0.2
13.999,0,0.2
14.000,0,0.3
14.000,0,0.2
14.000,0,0.2
